beta;gamma;dim;n_vertices_mean;n_vertices_median;n_vertices_std;n_vertices_cv;n_vertices_ci_low;n_vertices_ci_high;n_edges_mean;n_edges_median;n_edges_std;n_edges_cv;n_edges_ci_low;n_edges_ci_high;indegree_mean_mean;indegree_mean_median;indegree_mean_std;indegree_mean_cv;indegree_mean_ci_low;indegree_mean_ci_high;indegree_max_mean;indegree_max_median;indegree_max_std;indegree_max_cv;indegree_max_ci_low;indegree_max_ci_high;outdegree_mean_mean;outdegree_mean_median;outdegree_mean_std;outdegree_mean_cv;outdegree_mean_ci_low;outdegree_mean_ci_high;outdegree_max_mean;outdegree_max_median;outdegree_max_std;outdegree_max_cv;outdegree_max_ci_low;outdegree_max_ci_high;total_degree_mean_mean;total_degree_mean_median;total_degree_mean_std;total_degree_mean_cv;total_degree_mean_ci_low;total_degree_mean_ci_high;total_degree_max_mean;total_degree_max_median;total_degree_max_std;total_degree_max_cv;total_degree_max_ci_low;total_degree_max_ci_high;avg_local_clustering_mean;avg_local_clustering_median;avg_local_clustering_std;avg_local_clustering_cv;avg_local_clustering_ci_low;avg_local_clustering_ci_high;global_clustering_mean;global_clustering_median;global_clustering_std;global_clustering_cv;global_clustering_ci_low;global_clustering_ci_high;avg_shortest_path_length_mean;avg_shortest_path_length_median;avg_shortest_path_length_std;avg_shortest_path_length_cv;avg_shortest_path_length_ci_low;avg_shortest_path_length_ci_high
0.0;0.0;2;200.0;200.0;0.0;0.0;200.0;200.0;0.0;0.0;0.0;nan;0.0;0.0;0.0;0.0;0.0;nan;0.0;0.0;0.0;0.0;0.0;nan;0.0;0.0;0.0;0.0;0.0;nan;0.0;0.0;0.0;0.0;0.0;nan;0.0;0.0;0.0;0.0;0.0;nan;0.0;0.0;0.0;0.0;0.0;nan;0.0;0.0;0.0;0.0;0.0;nan;0.0;0.0;0.0;0.0;0.0;nan;0.0;0.0;0.0;0.0;0.0;nan;0.0;0.0
0.0;0.4;2;200.0;200.0;0.0;0.0;200.0;200.0;0.0;0.0;0.0;nan;0.0;0.0;0.0;0.0;0.0;nan;0.0;0.0;0.0;0.0;0.0;nan;0.0;0.0;0.0;0.0;0.0;nan;0.0;0.0;0.0;0.0;0.0;nan;0.0;0.0;0.0;0.0;0.0;nan;0.0;0.0;0.0;0.0;0.0;nan;0.0;0.0;0.0;0.0;0.0;nan;0.0;0.0;0.0;0.0;0.0;nan;0.0;0.0;0.0;0.0;0.0;nan;0.0;0.0
0.0;0.8;2;200.0;200.0;0.0;0.0;200.0;200.0;0.0;0.0;0.0;nan;0.0;0.0;0.0;0.0;0.0;nan;0.0;0.0;0.0;0.0;0.0;nan;0.0;0.0;0.0;0.0;0.0;nan;0.0;0.0;0.0;0.0;0.0;nan;0.0;0.0;0.0;0.0;0.0;nan;0.0;0.0;0.0;0.0;0.0;nan;0.0;0.0;0.0;0.0;0.0;nan;0.0;0.0;0.0;0.0;0.0;nan;0.0;0.0;0.0;0.0;0.0;nan;0.0;0.0
0.0;1.0;2;200.0;200.0;0.0;0.0;200.0;200.0;0.0;0.0;0.0;nan;0.0;0.0;0.0;0.0;0.0;nan;0.0;0.0;0.0;0.0;0.0;nan;0.0;0.0;0.0;0.0;0.0;nan;0.0;0.0;0.0;0.0;0.0;nan;0.0;0.0;0.0;0.0;0.0;nan;0.0;0.0;0.0;0.0;0.0;nan;0.0;0.0;0.0;0.0;0.0;nan;0.0;0.0;0.0;0.0;0.0;nan;0.0;0.0;0.0;0.0;0.0;nan;0.0;0.0
0.25;0.0;2;200.0;200.0;0.0;0.0;200.0;200.0;77.4;83.0;10.170545708072897;0.1314023993291072;68.48512362396427;86.31487637603574;0.387;0.415;0.05085272854036448;0.1314023993291072;0.34242561811982136;0.43157438188017866;3.6;3.0;0.8;0.22222222222222224;2.898769082256066;4.3012309177439345;0.387;0.415;0.05085272854036448;0.1314023993291072;0.34242561811982136;0.43157438188017866;2.8;3.0;0.39999999999999997;0.14285714285714285;2.449384541128033;3.150615458871967;0.774;0.83;0.10170545708072896;0.1314023993291072;0.6848512362396427;0.8631487637603573;4.2;4.0;0.9797958971132712;0.23328473740792172;3.3411710298318997;5.058828970168101;0.09663333333333335;0.09416666666666666;0.0366235200686966;0.3789946885342869;0.06453140259735148;0.12873526406931524;0.5080077465198904;0.5257731958762887;0.10170955473715594;0.20021260587839013;0.418855391005312;0.5971601020344689;1.8084439879280414;1.9655172413793103;0.36860135106566344;0.20382237632251743;1.485350658316255;2.131537317539828
0.25;0.4;2;200.0;200.0;0.0;0.0;200.0;200.0;128.6;131.0;13.124023773218335;0.10205306200014258;117.09628595626612;140.10371404373387;0.643;0.655;0.06562011886609166;0.10205306200014255;0.5854814297813307;0.7005185702186694;9.4;8.0;2.8;0.2978723404255319;6.945691787896232;11.854308212103769;0.643;0.655;0.06562011886609166;0.10205306200014255;0.5854814297813307;0.7005185702186694;3.6;3.0;0.8;0.22222222222222224;2.898769082256066;4.3012309177439345;1.286;1.31;0.13124023773218332;0.10205306200014255;1.1709628595626613;1.4010371404373387;9.6;8.0;2.5768197453450252;0.26841872347344015;7.341317906388772;11.858682093611227;0.19361669996669997;0.18147619047619049;0.024142129473412384;0.12469032618345718;0.17245519045803268;0.21477820947536727;0.41892309988861715;0.41379310344827586;0.04623460464517673;0.1103653741163224;0.37839668208003563;0.45944951769719866;2.5587357966534654;2.6204506065857887;0.37403381883994624;0.1461791480500409;2.2308806990879604;2.8865908942189704
0.25;0.8;2;200.0;200.0;0.0;0.0;200.0;200.0;264.8;285.0;44.22849760052901;0.16702604834036636;226.0320125464321;303.5679874535679;1.3240000000000003;1.425;0.22114248800264508;0.16702604834036633;1.1301600627321606;1.51783993726784;53.0;61.0;15.192103211866355;0.28664345682766706;39.683534402852985;66.31646559714702;1.3240000000000003;1.425;0.22114248800264508;0.16702604834036633;1.1301600627321606;1.51783993726784;5.0;5.0;0.8944271909999159;0.17888543819998318;4.216;5.784;2.6480000000000006;2.85;0.44228497600529015;0.16702604834036633;2.2603201254643213;3.03567987453568;53.0;61.0;15.192103211866355;0.28664345682766706;39.683534402852985;66.31646559714702;0.43079107572002096;0.48257705740494594;0.08545572678433566;0.19836930614568932;0.3558858285707027;0.5056963228693392;0.17654256406209953;0.15592662276575728;0.058969677226010125;0.33402526772675234;0.12485336296177624;0.22823176516242283;3.648303434540464;3.453461975028377;0.6037296131095756;0.1654822916848803;3.1191110962029414;4.177495772877986
0.25;1.0;2;200.0;200.0;0.0;0.0;200.0;200.0;471.8;521.0;85.95207967233834;0.18217905822877986;396.4596803617081;547.1403196382919;2.359;2.605;0.4297603983616919;0.18217905822877994;1.9822984018085401;2.7357015981914596;143.0;161.0;38.277930978567795;0.2676778390109636;109.44791416319993;176.55208583680007;2.359;2.605;0.4297603983616919;0.18217905822877994;1.9822984018085401;2.7357015981914596;6.4;6.0;0.48989794855663565;0.07654655446197432;5.97058551491595;6.829414485084051;4.718;5.21;0.8595207967233838;0.18217905822877994;3.9645968036170802;5.471403196382919;143.0;161.0;38.277930978567795;0.2676778390109636;109.44791416319993;176.55208583680007;0.6441127147455689;0.6943010607867619;0.10091097043987078;0.15666663323007318;0.5556603492305918;0.7325650802605459;0.09233376307402139;0.08920598388952819;0.028228942152209335;0.30572719244182633;0.06759000430860367;0.1170775218394391;2.5173962429809373;2.385504971219257;0.43108900042487436;0.17124399928173673;2.139530073734375;2.8952624122274995
0.5;0.0;2;200.0;200.0;0.0;0.0;200.0;200.0;156.4;157.0;11.48216007552586;0.07341534575144411;146.33544294069532;166.4645570593047;0.782;0.785;0.057410800377629266;0.07341534575144407;0.7316772147034766;0.8323227852965235;5.6;6.0;1.0198039027185568;0.18210783977117087;4.7061024667222755;6.493897533277724;0.782;0.785;0.057410800377629266;0.07341534575144407;0.7316772147034766;0.8323227852965235;4.0;4.0;0.6324555320336759;0.15811388300841897;3.4456282835497465;4.5543717164502535;1.564;1.57;0.11482160075525853;0.07341534575144407;1.4633544294069531;1.664645570593047;6.6;7.0;1.0198039027185568;0.15451574283614497;5.7061024667222755;7.493897533277724;0.2219642857142857;0.21899999999999997;0.027548569765872118;0.12411262324125814;0.19781689963996657;0.24611167178860482;0.4613254429268512;0.45;0.03521207930885047;0.07632806698336338;0.4304606945650794;0.49219019128862296;2.8763059296839257;2.608156028368794;0.6813184427919614;0.2368727317079344;2.279103983540332;3.4735078758275195
0.5;0.4;2;200.0;200.0;0.0;0.0;200.0;200.0;248.6;259.0;25.679563859224714;0.10329671705239225;226.09086983466486;271.1091301653351;1.2429999999999999;1.295;0.12839781929612357;0.10329671705239225;1.1304543491733243;1.3555456508266754;19.4;20.0;3.8781438859330635;0.19990432401716823;16.000657004655164;22.799342995344833;1.2429999999999999;1.295;0.12839781929612357;0.10329671705239225;1.1304543491733243;1.3555456508266754;5.0;5.0;0.8944271909999159;0.17888543819998318;4.216;5.784;2.4859999999999998;2.59;0.25679563859224713;0.10329671705239225;2.2609086983466486;2.711091301653351;19.6;20.0;4.079215610874228;0.20812324545276673;16.024409866889105;23.175590133110898;0.36823971053213544;0.36703866217613024;0.038740440158177465;0.10520440639656835;0.33428221752473203;0.40219720353953886;0.39195790288256266;0.3894230769230769;0.048009520452176366;0.12248642035050597;0.34987570277365543;0.4340401029914699;3.894547539392261;3.996917657419639;0.3763268629669016;0.09662916145212261;3.564682500029791;4.224412578754731
0.5;0.8;2;200.0;200.0;0.0;0.0;200.0;200.0;544.8;606.0;89.52854293464179;0.16433286148062004;466.32477209207985;623.27522790792;2.7239999999999998;3.03;0.447642714673209;0.16433286148062004;2.3316238604603994;3.1163761395396;109.4;122.0;27.98285189182832;0.2557847522104965;84.87194885850082;133.9280511414992;2.7239999999999998;3.03;0.447642714673209;0.16433286148062004;2.3316238604603994;3.1163761395396;7.0;7.0;0.8944271909999159;0.12777531299998798;6.216;7.784;5.4479999999999995;6.06;0.895285429346418;0.16433286148062004;4.663247720920799;6.2327522790792;109.4;122.0;27.98285189182832;0.2557847522104965;84.87194885850082;133.9280511414992;0.6879994178567866;0.7256312238012468;0.0727270612899463;0.10570802736505382;0.6242513379403262;0.7517474977732471;0.17957140602183047;0.16377171215880892;0.0496788054931524;0.27665209397042284;0.1360260130613484;0.22311679898231254;2.95046402753984;2.619859111157153;0.7750243767802691;0.2626788090097479;2.271125208785404;3.6298028462942757
0.5;1.0;2;200.0;200.0;0.0;0.0;200.0;200.0;832.4;909.0;156.63409590507425;0.18817166735352506;695.1041614731167;969.6958385268832;4.162000000000001;4.545;0.7831704795253713;0.18817166735352503;3.4755208073655846;4.848479192634417;190.2;199.0;12.496399481450645;0.06570136425578678;179.24642290390943;201.15357709609054;4.162000000000001;4.545;0.7831704795253713;0.18817166735352503;3.4755208073655846;4.848479192634417;10.2;11.0;1.9390719429665315;0.1901050924476992;8.500328502327582;11.899671497672417;8.324000000000002;9.09;1.5663409590507427;0.18817166735352503;6.951041614731169;9.696958385268834;190.2;199.0;12.496399481450645;0.06570136425578678;179.24642290390943;201.15357709609054;0.791934841702788;0.8004459505348879;0.032133923486819024;0.04057647396561804;0.7637682158810687;0.8201014675245074;0.12698985328131215;0.12890302066772655;0.016061277680758282;0.1264768583138592;0.1129115226710393;0.14106818389158501;2.038211055276382;1.954321608040201;0.16371621950891013;0.08032348715070145;1.8947074617066315;2.1817146488461328
0.75;0.0;2;200.0;200.0;0.0;0.0;200.0;200.0;230.0;230.0;14.296852800529214;0.06216022956751832;217.4682559872937;242.5317440127063;1.15;1.15;0.07148426400264608;0.062160229567518335;1.0873412799364683;1.2126587200635315;8.6;8.0;1.2;0.13953488372093023;7.548153623384099;9.6518463766159;1.15;1.15;0.07148426400264608;0.062160229567518335;1.0873412799364683;1.2126587200635315;4.6;5.0;0.48989794855663565;0.10649955403405124;4.170585514915949;5.02941448508405;2.3;2.3;0.14296852800529217;0.062160229567518335;2.1746825598729367;2.425317440127063;9.0;8.0;1.2649110640673518;0.1405456737852613;7.891256567099493;10.108743432900507;0.33175988455988453;0.3554642857142856;0.04577731673367493;0.13798327906462685;0.2916342972786225;0.37188547184114656;0.4751196801099035;0.47198275862068967;0.055166469054850086;0.1161106798230061;0.42676413795487245;0.5234752222649346;4.192540223238533;3.993738819320215;1.1058482406171553;0.2637656842235234;3.2232215024216795;5.1618589440553855
0.75;0.4;2;200.0;200.0;0.0;0.0;200.0;200.0;369.4;385.0;42.35847022733469;0.11466830056127421;332.27116381032124;406.5288361896787;1.847;1.925;0.21179235113667355;0.11466830056127426;1.661355819051606;2.032644180948394;26.2;29.0;4.707440918375928;0.17967331749526444;22.073746105727373;30.326253894272625;1.847;1.925;0.21179235113667355;0.11466830056127426;1.661355819051606;2.032644180948394;6.2;6.0;0.7483314773547882;0.12069862537980455;5.544058539197285;6.855941460802716;3.694;3.85;0.4235847022733471;0.11466830056127426;3.322711638103212;4.065288361896788;26.2;29.0;4.707440918375928;0.17967331749526444;22.073746105727373;30.326253894272625;0.4902540962251204;0.48382261419018646;0.03772944674441937;0.07695896278058703;0.4571827780169203;0.5233254144333205;0.39655909456296873;0.3696581196581197;0.04824957886873169;0.12167058965551035;0.35426647397436994;0.4388517151515675;4.922727328403353;4.797972304648862;0.6084662859226107;0.12360349158724618;4.389383113286159;5.4560715435205465
0.75;0.8;2;200.0;200.0;0.0;0.0;200.0;200.0;799.0;886.0;128.43831204122858;0.1607488260841409;686.4188557173094;911.5811442826906;3.9949999999999997;4.43;0.6421915602061428;0.16074882608414087;3.432094278586547;4.557905721413452;155.0;170.0;29.516097302997224;0.19042643421288533;129.128;180.872;3.9949999999999997;4.43;0.6421915602061428;0.16074882608414087;3.432094278586547;4.557905721413452;9.6;10.0;1.4966629547095764;0.15590239111558088;8.288117078394569;10.91188292160543;7.989999999999999;8.86;1.2843831204122855;0.16074882608414087;6.864188557173094;9.115811442826905;155.0;170.0;29.516097302997224;0.19042643421288533;129.128;180.872;0.7547437315024988;0.7692287058041716;0.034412414800388015;0.04559483353625452;0.7245799199871725;0.7849075430178252;0.18559440392859655;0.17884924259125123;0.03943433900276554;0.2124759053507726;0.1510286817666782;0.2201601260905149;2.4380911810307557;2.2405527638190956;0.5257813087730143;0.21565284877931798;1.9772235439263712;2.89895881813514
0.75;1.0;2;200.0;200.0;0.0;0.0;200.0;200.0;1127.8;1228.0;196.35620693016048;0.17410552130711163;955.6861960120572;1299.9138039879429;5.639;6.14;0.9817810346508024;0.1741055213071116;4.778430980060286;6.499569019939714;198.4;199.0;1.2;0.006048387096774193;197.3481536233841;199.45184637661592;5.639;6.14;0.9817810346508024;0.1741055213071116;4.778430980060286;6.499569019939714;11.4;12.0;1.3564659966250536;0.11898824531798716;10.211005130372717;12.588994869627284;11.278;12.28;1.9635620693016047;0.1741055213071116;9.556861960120573;12.999138039879428;198.4;199.0;1.2;0.006048387096774193;197.3481536233841;199.45184637661592;0.7906955987092184;0.7836850060388518;0.013428194560409952;0.016982761232427483;0.7789252672151679;0.8024659302032688;0.16773304340020545;0.17172292788266874;0.012907889775710406;0.07695496077605062;0.15641877915825675;0.17904730764215415;1.9481608040201006;1.9382914572864323;0.01691053257490336;0.008680255007701553;1.9333380686738029;1.9629835393663984
1.0;0.0;2;200.0;200.0;0.0;0.0;200.0;200.0;307.2;304.0;22.577865266672138;0.07349565516494837;287.40962852294075;326.9903714770592;1.5359999999999998;1.52;0.11288932633336062;0.07349565516494833;1.4370481426147037;1.634951857385296;10.0;10.0;1.4142135623730951;0.1414213562373095;8.760387157213994;11.239612842786006;1.5359999999999998;1.52;0.11288932633336062;0.07349565516494833;1.4370481426147037;1.634951857385296;5.8;5.0;0.9797958971132712;0.16893032708849504;4.941171029831899;6.6588289701681;3.0719999999999996;3.04;0.22577865266672123;0.07349565516494833;2.8740962852294074;3.269903714770592;10.4;10.0;1.624807680927192;0.15623150778146078;8.97579327343254;11.82420672656746;0.3993199356199357;0.41565079365079355;0.03463000323304954;0.08672245020596629;0.36896539943420226;0.4296744718056691;0.47546907624553886;0.4801536491677337;0.03408639526049727;0.07169003614210775;0.4455910334566626;0.5053471190344151;6.5690003041118175;6.395607138400099;1.044104867105979;0.15894425616823754;5.653802036384775;7.48419857183886
1.0;0.4;2;200.0;200.0;0.0;0.0;200.0;200.0;498.2;533.0;55.96213005238453;0.11232864322036237;449.14703023057626;547.2529697694238;2.491;2.665;0.2798106502619227;0.11232864322036237;2.245735151152881;2.736264848847119;35.4;38.0;6.829348431585549;0.19291944721993076;29.41381216465771;41.386187835342284;2.491;2.665;0.2798106502619227;0.11232864322036237;2.245735151152881;2.736264848847119;7.4;7.0;1.0198039027185568;0.13781133820521038;6.506102466722276;8.293897533277724;4.982;5.33;0.5596213005238454;0.11232864322036237;4.491470302305762;5.472529697694238;35.4;38.0;6.829348431585549;0.19291944721993076;29.41381216465771;41.386187835342284;0.589307105618378;0.584101239166076;0.018543074862682068;0.031465893904714166;0.5730533838636866;0.6055608273730693;0.40154855990154886;0.38643829188174567;0.047483362235314575;0.1182506102050434;0.35992755780425223;0.4431695619988455;4.289593880261578;4.075174455487418;0.4861925250656479;0.1133423206571714;3.8634273420715473;4.71576041845161
1.0;0.8;2;200.0;200.0;0.0;0.0;200.0;200.0;1021.6;1112.0;161.3661674577419;0.15795435342378808;880.156317875983;1163.043682124017;5.108;5.56;0.8068308372887096;0.1579543534237881;4.400781589379914;5.815218410620085;176.8;190.0;23.232735525546705;0.13140687514449492;156.43560943214848;197.16439056785154;5.108;5.56;0.8068308372887096;0.1579543534237881;4.400781589379914;5.815218410620085;10.8;11.0;0.9797958971132712;0.09072184232530288;9.941171029831901;11.6588289701681;10.216;11.12;1.6136616745774193;0.1579543534237881;8.801563178759828;11.63043682124017;176.8;190.0;23.232735525546705;0.13140687514449492;156.43560943214848;197.16439056785154;0.7686491564778584;0.7687402541668874;0.017795936044439034;0.023152222173747565;0.7530503307721654;0.7842479821835513;0.20496794252443537;0.20736633663366336;0.026266689699230423;0.12815023352297653;0.18194417386957726;0.22799171117929348;2.1056679570223835;1.9859798994974875;0.24124715297670907;0.11457036812102878;1.8942055039161723;2.3171304101285948
1.0;1.0;2;200.0;200.0;0.0;0.0;200.0;200.0;1411.8;1537.0;241.59586089169656;0.17112612331186894;1200.0318909297248;1623.568109070275;7.058999999999999;7.685;1.2079793044584828;0.17112612331186894;6.000159454648623;8.117840545351376;199.0;199.0;0.0;0.0;199.0;199.0;7.058999999999999;7.685;1.2079793044584828;0.17112612331186894;6.000159454648623;8.117840545351376;13.6;13.0;1.7435595774162693;0.12820291010413745;12.071702646733954;15.128297353266046;14.117999999999999;15.37;2.4159586089169656;0.17112612331186894;12.000318909297246;16.23568109070275;199.0;199.0;0.0;0.0;199.0;199.0;0.7770459534712787;0.7836995514499497;0.019262419618900958;0.02478929274755298;0.7601616982371153;0.7939302087054421;0.20641840952646578;0.2086595379033798;0.0173537333288974;0.08407066680102679;0.19120719159083302;0.22162962746209855;1.9290552763819098;1.9227638190954774;0.012140495522195779;0.00629349281528428;1.9184136628607904;1.9396968899030291
1.25;0.0;2;200.0;200.0;0.0;0.0;200.0;200.0;381.6;389.0;27.774808730214506;0.07278513818190384;357.25430672993684;405.9456932700632;1.908;1.945;0.13887404365107245;0.0727851381819038;1.7862715336496842;2.0297284663503157;11.8;12.0;1.6;0.13559322033898305;10.397538164512133;13.202461835487869;1.908;1.945;0.13887404365107245;0.0727851381819038;1.7862715336496842;2.0297284663503157;6.4;6.0;0.48989794855663565;0.07654655446197432;5.97058551491595;6.829414485084051;3.816;3.89;0.2777480873021449;0.0727851381819038;3.5725430672993683;4.059456932700631;12.6;12.0;1.9595917942265424;0.15552315827194782;10.882342059663799;14.3176579403362;0.46469229104229104;0.4650220057720058;0.015262545018130623;0.03284441190943191;0.4513140804795762;0.47807050160500586;0.47311286618384685;0.4565578306585501;0.031707128440705085;0.067018106475219;0.4453203427144713;0.5009053896532224;6.472080853380012;6.344072321320228;1.2266093425556381;0.18952317969189886;5.396910359638045;7.547251347121979
1.25;0.4;2;200.0;200.0;0.0;0.0;200.0;200.0;618.4;660.0;67.6863354008769;0.10945397057062889;559.0703111351492;677.7296888648508;3.092;3.3;0.3384316770043844;0.10945397057062885;2.795351555675746;3.388648444324254;43.4;42.0;9.068627239003707;0.20895454467750477;35.450997748144744;51.349002251855254;3.092;3.3;0.3384316770043844;0.10945397057062885;2.795351555675746;3.388648444324254;8.4;8.0;1.0198039027185568;0.1214052265141139;7.506102466722276;9.293897533277724;6.184;6.6;0.6768633540087688;0.10945397057062885;5.590703111351492;6.777296888648508;43.4;42.0;9.068627239003707;0.20895454467750477;35.450997748144744;51.349002251855254;0.6410861229240111;0.6410252758269948;0.006364564604401507;0.009927784078951134;0.6355073360757798;0.6466649097722424;0.4075644973558664;0.3796114117068372;0.049066130295079204;0.12038862710909025;0.3645561378846641;0.4505728568270687;3.9814540897783823;3.495131047342795;0.7002847306947307;0.17588667730530338;3.36762745929447;4.595280720262294
1.25;0.8;2;200.0;200.0;0.0;0.0;200.0;200.0;1249.0;1359.0;204.84823650693212;0.16400979704318025;1069.4426038950219;1428.5573961049781;6.244999999999999;6.795;1.0242411825346607;0.16400979704318028;5.347213019475109;7.14278698052489;190.4;199.0;11.825396399275586;0.0621081743659432;180.03458303781272;200.7654169621873;6.244999999999999;6.795;1.0242411825346607;0.16400979704318028;5.347213019475109;7.14278698052489;12.8;13.0;1.469693845669907;0.11481983169296148;11.51175654474785;14.088243455252151;12.489999999999998;13.59;2.0484823650693214;0.16400979704318028;10.694426038950217;14.28557396104978;190.4;199.0;11.825396399275586;0.0621081743659432;180.03458303781272;200.7654169621873;0.7671512516408581;0.7659614107357748;0.016434293249331395;0.021422494213729198;0.752745958468731;0.7815565448129851;0.2267764768712648;0.23182085195008634;0.016314025631510215;0.07193879125642855;0.21247660291416232;0.24107635082836726;1.9842848874298462;1.9337688442211056;0.09867067837248247;0.049726064537177476;1.8977962244929056;2.070773550366787
1.25;1.0;2;200.0;200.0;0.0;0.0;200.0;200.0;1664.6;1810.0;264.69650545483216;0.15901508197454775;1432.5832831953696;1896.6167168046302;8.323;9.05;1.3234825272741608;0.15901508197454772;7.1629164159768495;9.483083584023152;199.0;199.0;0.0;0.0;199.0;199.0;8.323;9.05;1.3234825272741608;0.15901508197454772;7.1629164159768495;9.483083584023152;15.6;16.0;1.8547236990991407;0.11889254481404748;13.974262997899107;17.225737002100892;16.646;18.1;2.6469650545483216;0.15901508197454772;14.325832831953699;18.966167168046304;199.0;199.0;0.0;0.0;199.0;199.0;0.7610687498180324;0.7600237492115893;0.02291484312420829;0.030108768924866657;0.7409830042255988;0.781154495410466;0.23381760679839664;0.23679857877971086;0.022655904564616004;0.09689563106404767;0.2139588308606908;0.2536763827361025;1.91635175879397;1.9090452261306532;0.013301331932403654;0.006940965755042105;1.9046926272962499;1.9280108902916901
1.5;0.0;2;200.0;200.0;0.0;0.0;200.0;200.0;455.8;466.0;27.38174574419973;0.06007403629705952;431.79884162795474;479.8011583720453;2.2790000000000004;2.33;0.13690872872099868;0.06007403629705953;2.1589942081397737;2.399005791860227;13.0;13.0;2.280350850198276;0.17541160386140586;11.001184350671629;14.998815649328371;2.2790000000000004;2.33;0.13690872872099868;0.06007403629705953;2.1589942081397737;2.399005791860227;7.2;7.0;0.39999999999999997;0.05555555555555555;6.849384541128034;7.550615458871967;4.558000000000001;4.66;0.27381745744199737;0.06007403629705953;4.317988416279547;4.798011583720454;14.0;13.0;2.8284271247461903;0.20203050891044216;11.52077431442799;16.47922568557201;0.5119113337470923;0.5071874791874792;0.015570530027860527;0.03041645886971724;0.49826316242059715;0.5255595050735874;0.4792537567998165;0.4588235294117647;0.03612675243995123;0.07538126081928935;0.4475872620890979;0.5109202515105351;5.8091281383521745;5.344618297232586;0.9768420622451612;0.16815639782431338;4.95288831860336;6.665367958100989
1.5;0.4;2;200.0;200.0;0.0;0.0;200.0;200.0;734.2;780.0;83.22836055095644;0.11335924891168134;661.2471254356623;807.1528745643378;3.6710000000000007;3.9;0.41614180275478213;0.1133592489116813;3.306235627178312;4.035764372821689;50.4;50.0;9.687104830649869;0.19220446092559262;41.908878236652114;58.89112176334788;3.6710000000000007;3.9;0.41614180275478213;0.1133592489116813;3.306235627178312;4.035764372821689;10.0;10.0;0.8944271909999159;0.08944271909999159;9.216;10.784;7.342000000000001;7.8;0.8322836055095643;0.1133592489116813;6.612471254356624;8.071528745643379;50.4;50.0;9.687104830649869;0.19220446092559262;41.908878236652114;58.89112176334788;0.6471488335057562;0.6453394512531125;0.007350034766388411;0.01135756472984979;0.6407062439749008;0.6535914230366117;0.40988111676568534;0.38871507174452474;0.046409753664900376;0.11322735243602648;0.36920117407230035;0.4505610594590703;3.5624485537974158;3.25643216080402;0.521051955205039;0.1462623101320636;3.10572637787154;4.0191707297232915
1.5;0.8;2;200.0;200.0;0.0;0.0;200.0;200.0;1458.2;1559.0;224.07980721162716;0.15366877466165627;1261.7853889263836;1654.6146110736165;7.2909999999999995;7.795;1.1203990360581357;0.15366877466165627;6.308926944631917;8.273073055368082;195.4;199.0;4.8;0.02456499488229273;191.1926144935364;199.6073855064636;7.2909999999999995;7.795;1.1203990360581357;0.15366877466165627;6.308926944631917;8.273073055368082;14.2;14.0;1.7204650534085253;0.12115951080341728;12.691945889564966;15.708054110435032;14.581999999999999;15.59;2.2407980721162715;0.15366877466165627;12.617853889263834;16.546146110736164;195.4;199.0;4.8;0.02456499488229273;191.1926144935364;199.6073855064636;0.7643795409796041;0.7652944765098485;0.015340228975718129;0.02006886389980897;0.750933237425798;0.7778258445334103;0.25134594322736203;0.2524250132781707;0.01313524119393631;0.0522596108983325;0.2398323966808472;0.2628594897738769;1.9450552763819098;1.9216582914572864;0.04404857388946212;0.022646438085502114;1.906444999014636;1.9836655537491836
1.5;1.0;2;200.0;200.0;0.0;0.0;200.0;200.0;1915.4;2090.0;302.8323628676433;0.1581039797784501;1649.955730329698;2180.8442696703023;9.577;10.45;1.5141618143382163;0.15810397977845006;8.24977865164849;10.90422134835151;199.0;199.0;0.0;0.0;199.0;199.0;9.577;10.45;1.5141618143382163;0.15810397977845006;8.24977865164849;10.90422134835151;17.8;18.0;1.9390719429665315;0.1089366260093557;16.10032850232758;19.49967149767242;19.154;20.9;3.0283236286764326;0.15810397977845006;16.49955730329698;21.80844269670302;199.0;199.0;0.0;0.0;199.0;199.0;0.7541022759637099;0.7490918691064502;0.021135996361629623;0.028028023565661222;0.7355757583060875;0.7726287936213324;0.2576927310554361;0.2615708151485288;0.02539555604183097;0.09854975706073663;0.2354325447181478;0.27995291739272443;1.9037487437185932;1.8949748743718593;0.01521770667676599;0.007993547849723719;1.89040983569496;1.9170876517422264
1.75;0.0;2;200.0;200.0;0.0;0.0;200.0;200.0;532.0;551.0;38.230877572977576;0.07186255182890522;498.4891582916812;565.5108417083188;2.6599999999999997;2.755;0.19115438786488792;0.07186255182890525;2.4924457914584055;2.827554208541594;13.8;15.0;2.7856776554368237;0.20186069966933504;11.358245876424082;16.24175412357592;2.6599999999999997;2.755;0.19115438786488792;0.07186255182890525;2.4924457914584055;2.827554208541594;8.0;8.0;0.6324555320336759;0.07905694150420949;7.4456282835497465;8.554371716450254;5.319999999999999;5.51;0.38230877572977584;0.07186255182890525;4.984891582916811;5.655108417083188;15.8;16.0;3.4871191548325386;0.22070374397674294;12.74340529346791;18.856594706532093;0.5478147146970676;0.5507074869574865;0.01610990689213252;0.02940758336701677;0.5336937587036433;0.5619356706904918;0.48880992301038645;0.47312252964426876;0.032173551055812336;0.06582016759739286;0.4606085620929507;0.5170112839278223;5.1831395077605915;4.971773975929624;0.5251293944204943;0.10131492575768616;4.722843298780842;5.643435716740341
1.75;0.4;2;200.0;200.0;0.0;0.0;200.0;200.0;857.4;910.0;94.02467761178444;0.10966255844621466;774.9837362846386;939.8162637153614;4.287000000000001;4.55;0.47012338805892234;0.10966255844621466;3.8749186814231935;4.699081318576808;56.4;58.0;9.971960689854328;0.17680781364989942;47.65919106718377;65.14080893281623;4.287000000000001;4.55;0.47012338805892234;0.10966255844621466;3.8749186814231935;4.699081318576808;10.6;11.0;1.0198039027185568;0.09620791535080725;9.706102466722276;11.493897533277723;8.574000000000002;9.1;0.9402467761178447;0.10966255844621466;7.749837362846387;9.398162637153616;56.4;58.0;9.971960689854328;0.17680781364989942;47.65919106718377;65.14080893281623;0.6551556431298503;0.6482795290734404;0.01936545657936617;0.02955855876758125;0.6381810720177512;0.6721302142419494;0.4165045949734125;0.40243013365735114;0.03303732415168942;0.07932043139595699;0.38754610355504626;0.4454630863917788;3.2472753440586515;3.028693467336683;0.386992779933741;0.11917461223046542;2.908061216267135;3.586489471850168
1.75;0.8;2;200.0;200.0;0.0;0.0;200.0;200.0;1653.4;1764.0;250.10285884011805;0.15126579100043427;1434.175178456453;1872.6248215435471;8.267;8.82;1.2505142942005905;0.15126579100043433;7.170875892282265;9.363124107717734;198.0;199.0;2.0;0.010101010101010102;196.24692270564017;199.75307729435983;8.267;8.82;1.2505142942005905;0.15126579100043433;7.170875892282265;9.363124107717734;15.6;15.0;1.7435595774162693;0.11176663957796598;14.071702646733954;17.128297353266046;16.534;17.64;2.501028588401181;0.15126579100043433;14.34175178456453;18.72624821543547;198.0;199.0;2.0;0.010101010101010102;196.24692270564017;199.75307729435983;0.7581798767979706;0.7557236138128899;0.0178282058835348;0.023514480440748255;0.742552765331172;0.7738069882647692;0.27151948328679204;0.26594820689812804;0.013300066709291592;0.04898383920112067;0.25986146080602696;0.2831775057675571;1.9236582914572864;1.911356783919598;0.023078567706131186;0.011997228306409757;1.903429034941304;1.9438875479732687
1.75;1.0;2;200.0;200.0;0.0;0.0;200.0;200.0;2156.0;2347.0;314.9469796648319;0.14607930411170308;1879.9368005111874;2432.0631994888126;10.78;11.735;1.5747348983241591;0.14607930411170308;9.399684002555937;12.160315997444062;199.0;199.0;0.0;0.0;199.0;199.0;10.78;11.735;1.5747348983241591;0.14607930411170308;9.399684002555937;12.160315997444062;19.8;21.0;1.9390719429665317;0.09793292641245109;18.10032850232758;21.49967149767242;21.56;23.47;3.1494697966483183;0.14607930411170308;18.799368005111873;24.320631994888124;199.0;199.0;0.0;0.0;199.0;199.0;0.7461224388738398;0.7361878917808172;0.02480742667398585;0.033248466178592555;0.7243777706570093;0.7678671070906703;0.27781761677478983;0.2790708439088742;0.025047187654322917;0.09015694521138728;0.2558627887926081;0.29977244475697157;1.8916582914572864;1.8820603015075377;0.015826481390192545;0.008366458922134515;1.8777857688699089;1.9055308140446638
2.0;0.0;2;200.0;200.0;0.0;0.0;200.0;200.0;609.0;620.0;39.00256401827962;0.06404361907763484;574.812745298869;643.187254701131;3.045;3.1;0.19501282009139814;0.06404361907763485;2.874063726494345;3.2159362735056547;15.0;15.0;3.1622776601683795;0.21081851067789198;12.228141417748734;17.771858582251266;3.045;3.1;0.19501282009139814;0.06404361907763485;2.874063726494345;3.2159362735056547;8.8;9.0;0.7483314773547882;0.08503766788122592;8.144058539197285;9.455941460802716;6.09;6.2;0.3900256401827963;0.06404361907763485;5.74812745298869;6.431872547011309;17.4;16.0;3.7735924528226414;0.21687312947256562;14.092300376394494;20.707699623605503;0.5646289026400381;0.5575292423771023;0.016111173263391152;0.028534092371219507;0.5505068366232639;0.5787509686568122;0.4921332211720692;0.4784023668639053;0.0334548088045649;0.0679791718284911;0.4628087883208531;0.5214576540232854;4.719468637606822;4.565276053753576;0.4110040699507223;0.08708693743097674;4.3592076861467755;5.079729589066868
2.0;0.4;2;200.0;200.0;0.0;0.0;200.0;200.0;977.6;1032.0;105.35577819939445;0.10776982221705651;885.2515887045154;1069.9484112954847;4.888;5.16;0.5267788909969722;0.1077698222170565;4.426257943522577;5.349742056477423;62.2;68.0;10.740577265678041;0.1726780910880714;52.7854689336112;71.6145310663888;4.888;5.16;0.5267788909969722;0.1077698222170565;4.426257943522577;5.349742056477423;11.8;12.0;1.1661903789690602;0.0988296931329712;10.777789062864226;12.822210937135775;9.776;10.32;1.0535577819939443;0.1077698222170565;8.852515887045154;10.699484112954845;62.4;68.0;10.892199043352083;0.17455447184859108;52.85256658572577;71.94743341427423;0.6548324774604022;0.6496299295815586;0.015972846078966374;0.02439226310355423;0.6408316605667319;0.6688332943540725;0.4213022586345205;0.40309506263817246;0.029634273809502686;0.07033969840453765;0.39532667235937974;0.4472778449096612;3.030034922085174;2.8902593776965637;0.3028878565536463;0.09996183685738133;2.764542010054416;3.295527834115932
2.0;0.8;2;200.0;200.0;0.0;0.0;200.0;200.0;1839.8;1971.0;265.03086612694756;0.14405417226163036;1607.4902031441636;2072.1097968558365;9.199;9.855;1.3251543306347378;0.14405417226163036;8.037451015720817;10.360548984279182;198.6;199.0;0.8;0.004028197381671702;197.89876908225605;199.30123091774394;9.199;9.855;1.3251543306347378;0.14405417226163036;8.037451015720817;10.360548984279182;17.0;17.0;1.2649110640673518;0.07440653318043246;15.891256567099493;18.108743432900507;18.398;19.71;2.6503086612694755;0.14405417226163036;16.074902031441635;20.721097968558364;198.6;199.0;0.8;0.004028197381671702;197.89876908225605;199.30123091774394;0.7528073511420558;0.7531632762640257;0.020662932698582267;0.027447835979862986;0.7346954920676708;0.7709192102164407;0.2912530146940745;0.2876779178527857;0.015025843323935662;0.05159034435993208;0.27808228231417453;0.30442374707397446;1.9098693467336685;1.9009547738693466;0.01642610802419757;0.008600644883007378;1.895471228227707;1.9242674652396299
2.0;1.0;2;200.0;200.0;0.0;0.0;200.0;200.0;2405.4;2582.0;354.6601753791931;0.1474433255920816;2094.52664966453;2716.2733503354702;12.027000000000001;12.91;1.7733008768959655;0.1474433255920816;10.47263324832265;13.581366751677352;199.0;199.0;0.0;0.0;199.0;199.0;12.027000000000001;12.91;1.7733008768959655;0.1474433255920816;10.47263324832265;13.581366751677352;21.4;22.0;2.154065922853802;0.10065728611466365;19.511877970045365;23.288122029954632;24.054000000000002;25.82;3.546601753791931;0.1474433255920816;20.9452664966453;27.162733503354705;199.0;199.0;0.0;0.0;199.0;199.0;0.7452020275642652;0.7360302105846818;0.022073834569898268;0.029621275511082328;0.7258534584722933;0.7645505966562371;0.29817679524124074;0.29935408739454833;0.026171107761337457;0.08777043746869588;0.2752368078489182;0.3211167826335633;1.8791256281407034;1.870251256281407;0.01782211936578857;0.009484261775207987;1.863503851741936;1.8947474045394708
