n_vertices;n_edges;indegree_mean;indegree_max;outdegree_mean;outdegree_max;total_degree_mean;total_degree_max;avg_local_clustering;vertices_degree_ge_2;global_clustering;avg_shortest_path_length;closed_wedges;wedges;indegree_alpha;indegree_xmin;indegree_KS;indegree_LRT_exp_R;indegree_LRT_exp_p;indegree_LRT_log_R;indegree_LRT_log_p;indegree_LRT_trunc_R;indegree_LRT_trunc_p;seed;beta;gamma;dim
1000;2148;2.148;41;2.148;7;4.296;41;0.6306279899937557;840;0.41695844116303854;7.879963694122986;5478.0;13138.0;2.445048384875613;3.0;0.08134980577627304;-0.8078543815583927;0.4191744150194655;-2.985254469408331;0.0028334250419938187;-2.65688103021158;3.5261239683670453e-07;0;1.5;0.3;2
1000;2260;2.26;40;2.26;8;4.52;40;0.625328320908905;856;0.4065617805065234;7.456190864485653;6357.0;15636.0;2.8699071152931586;5.0;0.04398362485298912;0.9935243588334334;0.32045448574457247;-1.204505401553993;0.22839429557465696;-1.4857109256882162;0.05247770343726388;1;1.5;0.3;2
1000;1945;1.945;34;1.945;9;3.89;34;0.5978969839976919;835;0.4141942990110529;8.88964534619713;4272.0;10314.0;2.9142505110426025;4.0;0.07448180245718705;-0.025039506052993838;0.9800234522042091;-1.6810780784739252;0.09274774976440393;-1.6216086993934238;0.00501952690929941;2;1.5;0.3;2
1000;2280;2.28;50;2.28;10;4.56;50;0.6199521517858385;869;0.402512943553479;6.627413821614088;6375.0;15838.0;2.7642796239682164;5.0;0.04793097340013153;-0.20458731203845593;0.8378945692535157;-1.6991622474913903;0.08928861746380365;-1.649300716520147;0.0037551120300267637;3;1.5;0.3;2
1000;2127;2.127;34;2.127;8;4.254;34;0.6360157159745605;836;0.4373679444612134;11.32744675243016;5796.0;13252.0;2.7115518113037362;4.0;0.0757126787424014;-0.26513772334792574;0.7909033678838383;-2.1462457175455145;0.03185337986940554;-2.1905733073522913;0.0006644882940749497;4;1.5;0.3;2
1000;2061;2.061;37;2.061;7;4.122;37;0.6180131099042379;827;0.4476030723051117;12.947058839630053;5070.0;11327.0;2.514802359099234;3.0;0.09127206225711637;-1.8226230791653832;0.06836049767409316;-3.3229971691319524;0.0008905581821178299;-3.031241666306346;1.1089564377897432e-08;5;1.5;0.3;2
1000;2136;2.136;30;2.136;7;4.272;31;0.6203767485542088;825;0.4036085947443288;7.060916866515022;5391.0;13357.0;2.9150483383883534;5.0;0.06824537276821244;-0.49940332658537134;0.6174952761456589;-1.8702372263294595;0.061450882345816284;-2.0585306682762505;0.004273642721527082;6;1.5;0.3;2
1000;2042;2.042;31;2.042;8;4.084;31;0.6111092986233946;826;0.40445515750976646;7.8218866387003105;4866.0;12031.0;2.4899283128061898;3.0;0.05122322708298577;0.031268678845193125;0.9750552688487546;-2.641494347719475;0.008254118442629412;-2.99632912762469;3.6253636156891034e-05;7;1.5;0.3;2
1000;1967;1.967;24;1.967;8;3.934;24;0.6303487919855151;797;0.4473950197555821;13.033889698414802;4869.0;10883.0;2.7553316239539076;4.0;0.06517544471544212;-1.2637499166767407;0.2063198025179559;-2.473872105154177;0.013365753489306713;-2.7421325694799346;0.0001619588835409802;8;1.5;0.3;2
1000;1881;1.881;26;1.881;7;3.762;26;0.6130879083306046;811;0.46363338072842614;15.22853103938042;4239.0;9143.0;2.51377969616167;3.0;0.08445672394345494;-2.8582944371611565;0.00425924974208153;-3.622022701918488;0.00029230846158297493;-3.6400761522524268;5.017627202619224e-09;9;1.5;0.3;2
1000;2225;2.225;44;2.225;8;4.45;44;0.6226796940998516;854;0.39847587857412775;6.770723990063698;6327.0;15878.0;2.6148039718361185;4.0;0.0348984937854287;1.3487908117751894;0.17740416679231108;-1.5044676207793501;0.13246100440327868;-1.8428791017573811;0.018195274980948306;10;1.5;0.3;2
1000;2144;2.144;39;2.144;8;4.288;39;0.6126191916755868;856;0.42431761786600497;7.3932573407275255;5472.0;12896.0;2.75964031206396;4.0;0.08379037287730073;-0.40223006672698025;0.6875147165413097;-2.1190763320049117;0.03408401656696767;-1.9290391165022684;0.00044929281014838285;11;1.5;0.3;2
1000;2241;2.241;32;2.241;8;4.482;32;0.6417850706579907;846;0.42588071154516915;6.862041282970774;6105.0;14335.0;2.6750830829382775;4.0;0.04594019840999303;0.1104904815077597;0.9120203983072639;-2.045852851340342;0.040770850329079684;-2.468451609347892;0.0010376608019497802;12;1.5;0.3;2
1000;2066;2.066;37;2.066;7;4.132;37;0.6450224093864866;837;0.42107750472589794;8.468959827266902;5346.0;12696.0;2.921493196469434;5.0;0.05681766767278945;0.48195150414745197;0.6298403972213062;-1.26156903627591;0.2071039038140564;-1.501844680243524;0.0400537073211823;13;1.5;0.3;2
1000;2094;2.094;24;2.094;10;4.188;24;0.6331964655262503;833;0.47472366710013003;9.525314413664493;5841.0;12304.0;2.773180196957588;4.0;0.06987775677412278;-0.4504366879096028;0.6523955959906601;-2.1609838078445627;0.03069659022657602;-2.4754091355778876;0.00075916816524213;14;1.5;0.3;2
1000;2083;2.083;25;2.083;7;4.166;25;0.6255166050272625;828;0.41005144440047486;7.964649303603772;5181.0;12635.0;2.098051170522578;2.0;0.066698428454467;-1.6364754371219739;0.10174012234223728;-4.7755322486539535;1.7923256433447222e-06;-5.277348971984663;3.6415315207705135e-13;15;1.5;0.3;2
1000;2109;2.109;54;2.109;8;4.218;54;0.6342328036922505;835;0.3926501766784452;6.694516257791151;5556.0;14150.0;2.79672258668493;4.0;0.04404552480662505;1.090564383894208;0.27546460856114174;-1.175386105289899;0.2398402798555952;-1.1168069995906862;0.05571463965868073;16;1.5;0.3;2
1000;2275;2.275;68;2.275;8;4.55;68;0.6388603323204741;858;0.34824281150159747;5.827656930995721;6213.0;17841.0;2.887734786694354;6.0;0.018196015956237988;1.3077702416168984;0.19095125052131878;-0.5710976911046471;0.5679334236227582;-0.7198367214159181;0.31530411440330397;17;1.5;0.3;2
1000;2103;2.103;39;2.103;7;4.206;39;0.6544704664212229;826;0.4065958388667552;7.250547184773989;5511.0;13554.0;2.651897845766575;4.0;0.07052556266404797;-0.06398972633675909;0.9489784072386813;-1.937050407146953;0.0527391819401356;-1.9834202416375393;0.0010882260090560036;18;1.5;0.3;2
1000;2299;2.299;75;2.299;8;4.598;75;0.6091861164985392;838;0.35128573005187064;5.749863480292539;6366.0;18122.0;2.8630745834891314;5.0;0.02003974745695969;1.4594549161081103;0.1444399406341877;-0.6327999285968479;0.5268643034103132;-0.6938077028086995;0.28098300656744035;19;1.5;0.3;2
1000;2169;2.169;26;2.169;7;4.338;26;0.6201486620846299;848;0.430283475455174;8.646231442107817;5601.0;13017.0;2.365736377278755;3.0;0.08134848537920614;-2.7815245803840156;0.005410423333374825;-3.869900455921977;0.0001088798006950627;-4.131522581504181;3.40500960760437e-10;20;1.5;0.3;2
1000;2071;2.071;47;2.071;8;4.142;47;0.6275343414349961;845;0.39011527160400816;7.20529540545703;5178.0;13273.0;2.8670515184032994;4.0;0.018617489550180055;1.7906276669451158;0.07335306419180528;-0.7519067264727355;0.4521071527426729;-0.9189499734814403;0.21193010857679906;21;1.5;0.3;2
1000;2007;2.007;31;2.007;8;4.014;31;0.6346585977380886;824;0.42562384269464776;9.802332041020877;4827.0;11341.0;2.471179571464371;3.0;0.05533720442068524;-0.8064860692312025;0.4199626372868246;-2.9876110339937973;0.002811671418461742;-3.2276764347908795;2.94838377623563e-06;22;1.5;0.3;2
1000;2446;2.446;73;2.446;9;4.892;73;0.6426228576823185;857;0.31786306260359554;4.980075801871519;7479.0;23529.0;2.5364604809652063;4.0;0.03279827061112661;2.0277302955341527;0.04258778187545033;-1.0191075415867172;0.308151914207753;-1.2514947792352635;0.08068587372016389;23;1.5;0.3;2
1000;2137;2.137;28;2.137;8;4.274;29;0.602397964111378;835;0.4130268784361637;6.082441154871874;5409.0;13096.0;2.446992088994576;3.0;0.08269767620592827;-1.0527465782351153;0.2924571548864645;-3.2457323994910094;0.0011714890219454226;-3.3906866408558938;3.821803108428057e-07;24;1.5;0.3;2
1000;2111;2.111;40;2.111;8;4.222;40;0.6136132877926854;827;0.371190203861939;6.258090579277303;5517.0;14863.0;2.6443635403035737;4.0;0.03952479938095543;1.484701181716267;0.13762299855746382;-1.3129941832258119;0.18918490823083067;-1.6433342441009153;0.03575378315474431;25;1.5;0.3;2
1000;2084;2.084;38;2.084;7;4.168;38;0.6242320527408581;868;0.3917451122375091;8.278517257390497;4869.0;12429.0;2.7785275471466937;4.0;0.05480378080866105;0.7443827476247147;0.45664495329679733;-1.602182664072844;0.1091152224445953;-1.7357169141947588;0.014134066595393513;26;1.5;0.3;2
1000;2139;2.139;31;2.139;8;4.278;31;0.6054828048475779;831;0.4141406763567307;8.040577528598602;5670.0;13691.0;2.88646538375066;5.0;0.05448834206252723;-0.8069804247369337;0.41967776120545597;-1.9734166610338224;0.04844811093307549;-2.179911891643194;0.0020711958473311753;27;1.5;0.3;2
1000;2181;2.181;45;2.181;7;4.362;45;0.6211379307267241;860;0.4349646091787807;11.29434936450333;5715.0;13139.0;2.7642442699586653;4.0;0.06410491802328966;-0.5343145748461773;0.5931239100971222;-2.156174130611311;0.031070070746973863;-1.8889200538332567;0.00021253268901555433;28;1.5;0.3;2
1000;2218;2.218;56;2.218;8;4.436;56;0.6340857288644196;852;0.36727497680173216;6.303997235645403;5937.0;16165.0;2.8953429747133628;6.0;0.04362699849323215;1.1152881922429871;0.2647269436970022;-0.7328175736961839;0.4636697013529987;-0.9388505288731565;0.19856251035071948;29;1.5;0.3;2
1000;2136;2.136;26;2.136;8;4.272;27;0.6364041381887128;835;0.44052502050861364;8.78978026818191;5907.0;13409.0;2.3635472819071257;3.0;0.07080010637610179;-1.919595500582667;0.05490901283665159;-3.5568880861859515;0.0003752739313584576;-3.954172920069576;1.834765894770385e-08;30;1.5;0.3;2
1000;2081;2.081;49;2.081;7;4.162;49;0.6584081697105851;826;0.3789205990392766;6.276994541628973;5364.0;14156.0;2.6556345311255747;4.0;0.04703898041938381;0.7798235984403612;0.43549471404705475;-1.5088926333671187;0.13132622269598437;-1.5325651890136183;0.013423457036495057;31;1.5;0.3;2
1000;2102;2.102;31;2.102;8;4.204;31;0.6142292097746904;841;0.40597748533375616;7.8181356862249975;5121.0;12614.0;2.7086745835595654;4.0;0.05509439954632983;-0.4521383235457532;0.6511693367442306;-2.1742509655485036;0.029686292727841346;-2.352444437665782;0.0005315880843757004;32;1.5;0.3;2
1000;2385;2.385;82;2.385;9;4.77;82;0.619664029402709;861;0.3328583642063266;5.468378709988041;7008.0;21054.0;2.625327643223499;4.0;0.04039466802218161;1.6611682214618653;0.09667966600632624;-0.9870820507554355;0.32360241629360365;-1.0069757336767557;0.10145233319590286;33;1.5;0.3;2
1000;2283;2.283;73;2.283;9;4.566;73;0.6360587802943944;836;0.32868840683809797;5.424942243591383;6864.0;20883.0;2.8128401039861792;7.0;0.03272329620987055;1.9961161626773936;0.045921280143341285;-0.22199040436570203;0.8243213531890374;-0.5545643674487329;0.5971315455522128;34;1.5;0.3;2
1000;2070;2.07;66;2.07;8;4.14;66;0.6283252832127909;820;0.3797629127857748;7.3828845858488;5382.0;14172.0;2.727954582299245;4.0;0.04229865855953563;0.9075253225207223;0.36412906476986884;-1.1747654808627408;0.24008855391283002;-1.0238103432275658;0.04455239113662368;35;1.5;0.3;2
1000;2185;2.185;44;2.185;7;4.37;44;0.5961336014330572;839;0.4090228779131922;7.486219263310151;5739.0;14031.0;2.7007941134947164;4.0;0.04929443305903258;-0.28727536464824893;0.7739014841806209;-2.0892910571482584;0.036681530914851976;-1.9994100224252163;0.0004295926754813717;36;1.5;0.3;2
1000;2166;2.166;38;2.166;7;4.332;39;0.6194866489286386;835;0.3815279511265848;6.082891199352859;5808.0;15223.0;2.98279696261306;6.0;0.02261884702673045;1.4928478472082656;0.13547701939284568;-0.7308743862654723;0.46485588239174325;-1.0895150631776258;0.24543795573910554;37;1.5;0.3;2
1000;2083;2.083;26;2.083;7;4.166;28;0.6005075835322624;841;0.43624216430221047;9.796617514469359;5289.0;12124.0;2.9482838597982193;5.0;0.05270374988272847;-1.10700846827308;0.26829026707508563;-1.9448274856336687;0.0517957448786363;-2.1710374370723855;0.0021024759805756688;38;1.5;0.3;2
1000;2045;2.045;32;2.045;7;4.09;32;0.624683059611696;830;0.4089791905620187;8.950010766351966;4992.0;12206.0;2.7671648540517286;4.0;0.04582548348831372;0.7331810731596652;0.4634479975075556;-1.637909146932947;0.10144064758587068;-2.0143891887003407;0.010234034351013443;39;1.5;0.3;2
1000;2151;2.151;41;2.151;8;4.302;41;0.6152704211429338;821;0.41510638297872343;8.128697163905926;5853.0;14100.0;2.6906090251047203;4.0;0.04772824703353662;0.6347933511037669;0.5255632002725384;-1.7667263386133065;0.0772740701525859;-1.9833219551070345;0.005441992096363424;40;1.5;0.3;2
1000;1909;1.909;25;1.909;7;3.818;25;0.6166201860836036;818;0.4741388503785859;9.810354630771295;4446.0;9377.0;2.9804313219771013;4.0;0.07029585530974025;-1.240887679064456;0.21464724492085996;-2.1679139991510694;0.030165230527837327;-2.0835418713439884;0.00022461128230766292;41;1.5;0.3;2
1000;2116;2.116;37;2.116;7;4.232;37;0.5816333233783015;827;0.41901931649331353;8.14921712091687;5358.0;12787.0;2.736219972889814;4.0;0.0648030743233558;-0.48009925278003235;0.6311568195299899;-2.0604936581426747;0.03935137151010005;-2.085253903264756;0.00041722233325725;42;1.5;0.3;2
1000;2195;2.195;28;2.195;8;4.39;29;0.603198341953829;840;0.39019912441745513;7.2897123140838564;5526.0;14162.0;2.583294465499074;4.0;0.0684654413995186;-1.4572070937388626;0.1450592230508463;-2.78560350954899;0.005342817876510833;-3.1454364220191637;1.986227903005844e-05;43;1.5;0.3;2
1000;2089;2.089;41;2.089;8;4.178;41;0.6218302720843721;828;0.41401468788249696;7.672996086389332;5412.0;13072.0;2.6977129195601406;4.0;0.05936063890651311;0.11223660423212277;0.9106358065357727;-1.8604001675569455;0.0628289310069171;-1.9280324487601563;0.002275359040013303;44;1.5;0.3;2
1000;2152;2.152;51;2.152;7;4.304;51;0.6255689272487327;853;0.35024792324038895;6.671549554817541;5439.0;15529.0;2.7550756089062745;4.0;0.022976319516109567;2.4254638659903107;0.01528883765135149;-0.7389273871144117;0.4599510910794504;-1.1257597993778492;0.22076336154988563;45;1.5;0.3;2
1000;1906;1.906;32;1.906;7;3.812;32;0.5947115620528086;825;0.43076459963877184;10.847432042632247;4293.0;9966.0;2.5196172847420453;3.0;0.05334810311691035;-0.7465643126193651;0.4553265970752245;-2.793297827330786;0.005217363112973892;-2.8930133594206047;9.88333524132301e-06;46;1.5;0.3;2
1000;1882;1.882;20;1.882;8;3.764;20;0.6035904296228284;824;0.47050500653025684;11.192130112770304;4323.0;9188.0;2.573208284427783;3.0;0.07930858599054558;-2.887919778835271;0.003877987626603843;-3.6039275339629615;0.00031344448179829404;-3.88930333325024;1.9825253994021352e-08;47;1.5;0.3;2
1000;2118;2.118;34;2.118;8;4.236;34;0.6342677693957781;833;0.43785686351192804;8.435443511125417;5598.0;12785.0;2.9859091644624463;5.0;0.04330683392639334;-0.14380003400200875;0.8856583760250758;-1.5703103205389601;0.11634293432301769;-1.6773211124173035;0.011466722550873554;48;1.5;0.3;2
1000;2281;2.281;80;2.281;9;4.562;80;0.6280431075961738;841;0.33870451392594175;5.828668575871197;6348.0;18742.0;2.6235616186050548;4.0;0.025754181167288115;1.5377539069090647;0.12410879753331615;-1.0335978655666584;0.30132419764286766;-1.0474730717408096;0.08889182211405422;49;1.5;0.3;2
1000;3641;3.641;292;3.641;10;7.282;292;0.7336497312808553;967;0.14229890585547672;3.7313557833328566;16569.0;116438.0;2.5666010921097153;7.0;0.03217038076216394;2.0734228053847263;0.038132948373323636;0.050494632725899574;0.9597282264147888;-0.03879663372084609;0.9396174871071299;0;1.5;0.6;2
1000;3733;3.733;188;3.733;11;7.466;188;0.7195044284494667;969;0.27240037290794206;4.158192314600922;18408.0;67577.0;2.2611055658016674;5.0;0.03799589513103596;1.8603689933273766;0.06283333840729434;-1.4716154981745975;0.1411247380252802;-1.4905103772231554;0.015564686734161226;1;1.5;0.6;2
1000;3196;3.196;180;3.196;10;6.392;180;0.7026252994801971;926;0.23069267168374918;5.055318840481222;13212.0;57271.0;2.5253030729453014;6.0;0.03460093018281163;2.3757520816739395;0.01751322528821013;-0.23068214583917823;0.8175617450211587;-0.46873647309071326;0.6173803431026506;2;1.5;0.6;2
1000;3913;3.913;432;3.913;12;7.826;432;0.7287959432914886;967;0.13956503841931944;3.1596028434490258;20343.0;145760.0;2.2422402940039308;5.0;0.052095487702836785;1.531762482489692;0.12558105733447567;-1.0269228246961761;0.3044568056891448;-0.6489158507631206;0.15157699477034559;3;1.5;0.6;2
1000;3351;3.351;117;3.351;11;6.702;117;0.7039690598658859;937;0.29813115333975276;4.921790562633777;15171.0;50887.0;2.598457083096819;8.0;0.03328159892696847;2.272688716373872;0.023044945107966456;-0.47456702000012924;0.6350956178932403;-0.8072138948729879;0.38291938147366644;4;1.5;0.6;2
1000;3213;3.213;163;3.213;8;6.426;163;0.6925772800638925;944;0.2976290684624018;5.31742471451977;12729.0;42768.0;2.113484259134655;3.0;0.06312374075181282;0.8547481784080858;0.39269057244770267;-2.86325176116578;0.004193172393768302;-2.112230427672085;1.3270113728980348e-06;5;1.5;0.6;2
1000;3551;3.551;95;3.551;10;7.102;95;0.7081275352753884;960;0.29491450144348214;4.412579759569585;15936.0;54036.0;2.2365941830811895;5.0;0.045358163635303816;2.2003350426724038;0.027783132781241407;-1.6398992425403909;0.10102611839088291;-2.1439941838306193;0.006264406699951319;6;1.5;0.6;2
1000;3357;3.357;105;3.357;11;6.714;105;0.7046765741967107;939;0.2895039226563119;4.615049966438896;14613.0;50476.0;2.4757007344332456;7.0;0.04347420122899537;2.503971778939533;0.012280782936677219;-0.7420035087449964;0.4580852097165028;-1.1892727005436983;0.1915823397108085;7;1.5;0.6;2
1000;3028;3.028;66;3.028;10;6.056;66;0.6972861187043387;913;0.3622299441003173;7.297308080607688;11988.0;33095.0;2.4160930815973525;5.0;0.035649488440683164;1.6892310964479467;0.09117515194613106;-1.6643475364235614;0.09604299787025063;-2.1228288553959795;0.007678565686470407;8;1.5;0.6;2
1000;2758;2.758;57;2.758;9;5.516;57;0.6688675184789242;923;0.3687204168489718;7.53398173329558;9270.0;25141.0;2.5397559945724897;5.0;0.04989909975690865;1.4506624414365201;0.14687387875482236;-1.3703630118920946;0.17057361224844914;-1.7425511647867704;0.019092240542334493;9;1.5;0.6;2
1000;3811;3.811;247;3.811;11;7.622;247;0.7320677552760394;963;0.2106352910244191;3.774182184302191;19227.0;91281.0;2.1918434115165963;4.0;0.029239715386930626;3.2105205606145875;0.0013249478962238032;-0.8974398693076608;0.369484246033869;-1.2647297050550999;0.12301622607283247;10;1.5;0.6;2
1000;3511;3.511;309;3.511;9;7.022;309;0.7164313257139693;958;0.1781296048798876;3.7846755284119746;15594.0;87543.0;2.5846429621409888;8.0;0.03122396838096808;1.5325891101566773;0.12537712633012954;-0.20881184560560412;0.8345951237207602;-0.2068844217720416;0.7850682752587459;11;1.5;0.6;2
1000;3552;3.552;174;3.552;10;7.104;174;0.7026985707761864;945;0.2728908539406714;4.373432620601891;15924.0;58353.0;2.2155630130006916;4.0;0.04784425438341122;2.1835616965225144;0.02899447074909413;-1.5650958576050047;0.11756043472893982;-1.67076595922998;0.00735729533047591;12;1.5;0.6;2
1000;3441;3.441;129;3.441;10;6.882;129;0.7224188619081927;951;0.2678063678168989;4.468286928592833;15258.0;56974.0;2.393597666737217;6.0;0.035594819977415315;2.782406850831274;0.005395735185771457;-0.735903152966941;0.4617896383231339;-1.1920094268799721;0.18656465281300993;13;1.5;0.6;2
1000;3232;3.232;85;3.232;12;6.464;85;0.6952020485377279;945;0.3552101032130449;5.867143615683425;14007.0;39433.0;2.4212928019741446;6.0;0.03352319098970813;1.805311610011902;0.07102593387760542;-1.2199169881976335;0.22249634512752936;-1.6885622581692161;0.03230304917178095;14;1.5;0.6;2
1000;3370;3.37;86;3.37;9;6.74;86;0.7167317848516873;937;0.30440645616364465;5.2962131436600375;14673.0;48202.0;2.534763768030591;8.0;0.03140305205668692;1.9989238098219555;0.04561659812248298;-0.8259500013931725;0.4088324548347415;-1.2580953012585345;0.13833760634972614;15;1.5;0.6;2
1000;3959;3.959;521;3.959;11;7.918;521;0.7582426523383224;972;0.09511633853234466;2.846998670998228;20088.0;211194.0;2.276492971875254;4.0;0.0377298925231635;2.4113029972476046;0.015895636690864252;-0.31815318069872517;0.7503687453096657;-0.30478789423078695;0.6755874060209968;16;1.5;0.6;2
1000;4274;4.274;510;4.274;11;8.548;510;0.7627674301403187;981;0.10983499812970172;2.8215216211143646;23784.0;216543.0;2.3098333211656024;6.0;0.01971421467908141;2.3262252785672715;0.02000653579593307;-0.16330116308562254;0.8702813181859645;-0.34598895610750796;0.7178533049614615;17;1.5;0.6;2
1000;3484;3.484;181;3.484;10;6.968;181;0.7137445029938089;947;0.2584845148628596;5.1027346717544955;16200.0;62673.0;2.235712232934076;5.0;0.046552280328989615;1.7051130677054702;0.08817333890163664;-1.4477775351776754;0.14767927744929826;-1.4561084330772651;0.017089323932570344;18;1.5;0.6;2
1000;4190;4.19;621;4.19;11;8.38;621;0.7544027928346219;956;0.09014487356740761;2.732030300806445;22755.0;252427.0;2.444070610940029;8.0;0.037109582861037715;1.6782313850268495;0.09330193703271124;-0.038688520861363;0.9691387255841311;-0.06915063106441631;0.9327013049468971;19;1.5;0.6;2
1000;3416;3.416;92;3.416;10;6.832;92;0.6921075296722463;955;0.328813937904847;5.402984451109979;14721.0;44770.0;2.47328916199102;7.0;0.053001716781259645;1.0761940970857655;0.2818404591722067;-1.4047986064235227;0.16008117361222152;-1.6236570309444451;0.02219402718090746;20;1.5;0.6;2
1000;3504;3.504;267;3.504;10;7.008;267;0.7332317455443212;954;0.15179136349256564;3.2536571088218857;15354.0;101152.0;2.3322412397745387;4.0;0.022818303912729987;2.668571566525405;0.007617454822443268;-0.3639641798565674;0.7158847578586406;-0.4824652827974177;0.5464887822866836;21;1.5;0.6;2
1000;3090;3.09;103;3.09;8;6.18;103;0.7005613486713765;925;0.29874190426561453;5.612977893536796;12039.0;40299.0;2.6140970320678742;7.0;0.048839151061165986;2.0823094800236985;0.03731421055175596;-0.5310396122298028;0.5953913294559274;-0.8239653579730744;0.3257782652723077;22;1.5;0.6;2
1000;4986;4.986;649;4.986;12;9.972;649;0.7976606529379883;988;0.0922831751916807;2.5105225225225225;34050.0;368973.0;2.111365484427271;4.0;0.02011916636609512;3.1321135171222987;0.001735527579205461;-0.33124325524132053;0.7404607496986295;-0.6813704656923154;0.470449787540148;23;1.5;0.6;2
1000;3582;3.582;144;3.582;12;7.164;144;0.7182412261212789;956;0.24637308053427023;4.13957034560059;16269.0;66034.0;2.3975927768383682;6.0;0.028191268953928234;3.1293954942590165;0.0017516636869141533;-0.5184446250594149;0.6041480862138507;-1.0138681919159458;0.31178542756120353;24;1.5;0.6;2
1000;3743;3.743;188;3.743;10;7.486;188;0.7287175746399303;962;0.19080207767726337;3.4704024299518696;18624.0;97609.0;2.334598176588493;6.0;0.02362569777340795;3.784680609950924;0.00015390610424758787;-0.11503822624406924;0.9084148229977894;-0.7738171296073456;0.570709717676091;25;1.5;0.6;2
1000;3456;3.456;190;3.456;9;6.912;190;0.7300527419637401;953;0.23214258810058308;4.8611811390244;15408.0;66373.0;2.349074467271106;5.0;0.02392953315514129;2.8513377541777603;0.004353569779398214;-0.5643607218914112;0.5725086642432516;-0.922416422119605;0.29736694081346116;26;1.5;0.6;2
1000;3481;3.481;118;3.481;11;6.962;118;0.6964881895775366;923;0.3226786370760211;5.732175718904788;16677.0;51683.0;1.8712752921466718;2.0;0.05244027580168886;2.4559796393353213;0.014050111764391223;-3.937065573771853;8.248407296495637e-05;-4.254090046529089;1.0843452802333786e-09;27;1.5;0.6;2
1000;3546;3.546;309;3.546;10;7.092;309;0.7140906073182351;966;0.18275682292138906;3.8804610138170412;16125.0;88232.0;2.28984779822283;4.0;0.040776189812499475;1.673915232007948;0.09414726016856902;-1.1469917816552042;0.2513850175314052;-0.7526178690986097;0.08929929547783866;28;1.5;0.6;2
1000;3875;3.875;302;3.875;10;7.75;302;0.7498691489253393;971;0.17250255619136456;3.3775578091665572;19233.0;111494.0;2.287364585460198;6.0;0.031071457768719668;2.466174594961916;0.013656474990908996;-0.4388040952995021;0.6608034926560371;-0.7468563265623938;0.35259334100281137;29;1.5;0.6;2
1000;3303;3.303;95;3.303;10;6.606;95;0.6914519828830309;936;0.3484493648428075;5.8071504698747285;14730.0;42273.0;2.189410147694473;4.0;0.05260485899105244;1.3928797626989684;0.1636561530778048;-2.283713814449442;0.022388355641506062;-2.6400971607451527;0.0001252036326131467;30;1.5;0.6;2
1000;3711;3.711;318;3.711;10;7.422;318;0.7430344315362225;950;0.1644934895361068;3.442452417320267;18141.0;110284.0;2.1650145279763655;4.0;0.04130200309937668;2.38919875246611;0.016885165007820294;-1.046112730137753;0.29550898844350393;-1.0292353615962868;0.10401876896317008;31;1.5;0.6;2
1000;3461;3.461;127;3.461;11;6.922;127;0.707835653433114;969;0.2750298195914716;4.7648740794066144;14757.0;53656.0;2.4671902639392442;7.0;0.033435161488423515;2.3359915807720673;0.019491680335289113;-0.7262053997245486;0.46771286223109765;-1.1357830784302403;0.1771715558857332;32;1.5;0.6;2
1000;4752;4.752;768;4.752;13;9.504;768;0.7628776561304438;975;0.07671379074504145;2.4190052447623582;30621.0;399159.0;2.3338504114694194;7.0;0.04191171687572309;2.1860219419972466;0.028814000062641773;0.11595970373301528;0.9076844780490203;-0.07224454826539864;0.9273855362136421;33;1.5;0.6;2
1000;5047;5.047;748;5.047;13;10.094;748;0.8001027005872844;990;0.07197943444730077;2.3845812319757504;35196.0;488973.0;2.216393491761866;5.0;0.03008144958807657;3.355740453150909;0.0007915281474509145;0.06827628002076051;0.9455657058591989;-0.08042325125042404;0.890507124613026;34;1.5;0.6;2
1000;3682;3.682;478;3.682;13;7.364;478;0.7373021153732944;950;0.11209707400613111;3.1903724513463483;18393.0;164081.0;2.3422481659775056;5.0;0.02890634953835783;2.0298616312478264;0.0423706061404771;-0.2067904814184697;0.8361734902126225;-0.2684483815894608;0.7322488986703222;35;1.5;0.6;2
1000;3709;3.709;236;3.709;9;7.418;236;0.7162218333994312;955;0.22353947066180035;3.640407561447774;17517.0;78362.0;2.6106528240896134;10.0;0.02348090429841776;1.6184727965953296;0.10556074478672632;-0.2919359426032749;0.7703356016904899;-0.41601044844746454;0.5828928038246685;36;1.5;0.6;2
1000;3680;3.68;161;3.68;10;7.36;161;0.7197373258060912;948;0.2534793301001552;4.395367504436465;18450.0;72787.0;2.1801054171541683;4.0;0.029729505773681664;3.650142670047674;0.00026209469063532783;-1.0728446402569582;0.28334082801763194;-1.7069043327402267;0.055782364539473495;37;1.5;0.6;2
1000;3384;3.384;113;3.384;9;6.768;113;0.6987532771543655;960;0.2958331660712135;5.360904136953655;14739.0;49822.0;2.3420565396472606;5.0;0.02825126402741618;2.9358956289653886;0.003325862035257393;-1.01987391361052;0.3077882628140657;-1.545870138176145;0.07665083102828185;38;1.5;0.6;2
1000;3287;3.287;106;3.287;9;6.574;106;0.7021810051671116;947;0.30827034531391173;5.286101356033286;13989.0;45379.0;2.4695382292753427;7.0;0.03474752327523012;2.0523192095828713;0.04013865032830237;-0.8699843644314675;0.3843089489295586;-1.2941262600495236;0.1117319636206604;39;1.5;0.6;2
1000;3489;3.489;180;3.489;10;6.978;180;0.6976230937714658;932;0.26934129803035195;4.6693438522561515;16683.0;61940.0;2.4876232312892954;7.0;0.03573760912981916;2.395041154326302;0.016618499872495224;-0.3468924955174163;0.7286720847114018;-0.7209750840688872;0.3978114823082408;40;1.5;0.6;2
1000;2984;2.984;158;2.984;11;5.968;158;0.6945113574792129;934;0.27661240974176965;5.899791063616775;11301.0;40855.0;2.5466949758217203;5.0;0.042840604785461256;1.6976063484333608;0.0895820838354123;-0.7705855652525279;0.4409526198359197;-0.6764771370795684;0.2397407139937029;41;1.5;0.6;2
1000;3457;3.457;151;3.457;10;6.914;151;0.6968906113091952;940;0.29773731216604615;5.230288949588187;15435.0;51841.0;2.2146762530703406;4.0;0.045455416195514076;1.6235817205221672;0.10446510931841595;-1.9490418699538787;0.05129042473121522;-1.8583044678115772;0.0012259236933409579;42;1.5;0.6;2
1000;3649;3.649;89;3.649;10;7.298;89;0.7092121198206437;959;0.31991974999035455;4.800122398269231;16584.0;51838.0;2.425668984534524;7.0;0.05684172759324191;1.491733161478392;0.13576911203621156;-1.3985431348756543;0.16195002896723465;-1.8962693964528357;0.014409359437843938;43;1.5;0.6;2
1000;3399;3.399;205;3.399;11;6.798;205;0.6976282026767934;934;0.24479545095561522;4.7257551309697945;15498.0;63310.0;2.3367574717376747;5.0;0.05116584945404257;1.6513462753455408;0.09866788825953757;-1.172792495747657;0.2408790281879839;-0.9968598654097833;0.06919723072065698;44;1.5;0.6;2
1000;3968;3.968;412;3.968;10;7.936;412;0.7507367942866056;962;0.1325778713474026;3.216947851474018;20907.0;157696.0;2.267522699329329;6.0;0.03140076207268344;2.376760545585145;0.01746542195438545;-0.3086081924744486;0.7576195881805228;-0.5535942531972216;0.5226900274792112;45;1.5;0.6;2
1000;3065;3.065;144;3.065;9;6.13;144;0.6921822801786192;949;0.27879060517094423;6.197150173954797;11775.0;42236.0;2.2885871579898858;4.0;0.03565946548731036;2.0728454896220327;0.03818666139504309;-1.355433730802322;0.17527940892204064;-1.4440288570797124;0.024462077388258674;46;1.5;0.6;2
1000;2787;2.787;40;2.787;10;5.574;40;0.6785270088393446;929;0.40333564408922234;8.287954173769329;9891.0;24523.0;2.616626802331966;6.0;0.04448438087235218;0.2664074947723751;0.789925393744234;-1.6596698587668508;0.09698088614995284;-2.1487061905392366;0.00545638689178185;47;1.5;0.6;2
1000;3428;3.428;192;3.428;11;6.856;192;0.7042746732101157;950;0.2584456900469626;4.649402075595415;15354.0;59409.0;2.5715509925657667;8.0;0.033880902554010384;1.6779456847446594;0.093357702866548;-0.47738115247171753;0.6330907327774873;-0.572106040112755;0.42670286870811736;48;1.5;0.6;2
1000;4517;4.517;788;4.517;14;9.034;788;0.7672811564204896;978;0.06998888448413901;2.3853496655303275;27012.0;385947.0;2.1627472020969662;4.0;0.01930630962177507;2.0861790081927225;0.03696241100020888;-0.5147410724623698;0.6067339682501254;-0.4413108648093808;0.48508568806519947;49;1.5;0.6;2
1000;4696;4.696;551;4.696;11;9.392;551;0.7709850170510958;992;0.08305234671267549;2.85401333169193;28449.0;342543.0;2.412871700794203;9.0;0.035536734179338225;2.201941635616975;0.027669431451137386;0.15040332533717518;0.880446417875225;-0.01790392243418954;0.9727534978254732;0;1.5;0.7;2
1000;4553;4.553;327;4.553;12;9.106;327;0.746140124103628;983;0.20173145425865172;3.483233266935074;27240.0;135031.0;2.123058112185869;5.0;0.04275052920754724;2.0817582750444728;0.03736455472608927;-1.5448901340559125;0.12237284025465606;-1.4427313391219294;0.013873309153834334;1;1.5;0.7;2
1000;3971;3.971;323;3.971;10;7.942;323;0.7297053985806375;967;0.15318529197590344;3.93591055690549;20826.0;135953.0;2.3868838555035863;7.0;0.031037849431113984;2.560356830094637;0.010456473786023332;-0.0843472894981432;0.9327803147496936;-0.38185043802444946;0.7428033401043657;2;1.5;0.7;2
1000;4968;4.968;804;4.968;12;9.936;804;0.7761322331648567;990;0.07895178125736672;2.34442042042042;32487.0;411479.0;2.1188937419620846;5.0;0.05353674254607549;1.6932316229177338;0.0904113875338258;-1.01207908847138;0.3115002400167113;-0.6056634879835817;0.19195884701545007;3;1.5;0.7;2
1000;4100;4.1;192;4.1;13;8.2;192;0.7367780283481794;972;0.22765129917732346;3.84825364598921;22359.0;98216.0;2.521947289760059;12.0;0.0391174806048159;2.5790160890159255;0.009908217178112497;-0.18750306853294416;0.8512662180149275;-0.5934027970329627;0.5946672238804439;4;1.5;0.7;2
1000;3856;3.856;283;3.856;12;7.712;283;0.7203452984366255;969;0.21850814301315227;4.307622495325148;18408.0;84244.0;2.986520101593197;14.0;0.048576914262073584;1.2259752117794331;0.22020800334623436;0.030169680478915866;0.9759317289921956;-0.009380646295455906;0.9851703982006191;5;1.5;0.7;2
1000;4369;4.369;148;4.369;10;8.738;148;0.7443760311490772;974;0.24547146774484097;3.736047193301754;24528.0;99922.0;2.1603724149649013;5.0;0.03753592193596944;3.7606946474079397;0.00016944216644304956;-1.1131652334177493;0.2656374712643088;-1.8495138273841654;0.03794140140434299;6;1.5;0.7;2
1000;4165;4.165;180;4.165;13;8.33;180;0.7318651972863692;975;0.23101746202487108;3.7838841643922216;22980.0;99473.0;2.3234335837590137;8.0;0.0399107033849212;2.7558724715672622;0.005853581478112868;-0.6949907688502334;0.48706108664416503;-1.1487867316677134;0.2099339241583611;7;1.5;0.7;2
1000;3583;3.583;90;3.583;11;7.166;90;0.7246962769621704;946;0.31867677981375786;5.632453727203036;16974.0;53264.0;2.2537921535628485;5.0;0.052764330041778496;2.2510775828856175;0.024380623970206364;-1.7604345590269885;0.07833415408030452;-2.2593112435620504;0.005376202333204794;8;1.5;0.7;2
1000;3283;3.283;92;3.283;12;6.566;92;0.7010987439817669;955;0.314876615746181;6.022609418420008;13398.0;42550.0;2.3238231389450683;5.0;0.04198946620018429;1.7819506905198816;0.07475727316379055;-1.5796595273955765;0.11418485894514394;-1.867983559041771;0.009524427124895873;9;1.5;0.7;2
1000;4857;4.857;441;4.857;12;9.714;441;0.7697661214484879;989;0.1436791968829296;2.9040623790122786;31086.0;216357.0;2.1505443953276773;5.0;0.024381854272158443;3.546275552263821;0.000390717419955057;-0.35031348966085424;0.726103442620917;-0.9298870386004054;0.35595584098035526;10;1.5;0.7;2
1000;4427;4.427;580;4.427;11;8.854;580;0.7567684648048763;982;0.10796035454460959;2.901011055854671;25554.0;236698.0;2.13138754721494;4.0;0.04513931435362631;1.7706441462158296;0.07661989590056718;-1.2697974093201712;0.20415680378920587;-0.7389756726275476;0.08934318719059486;11;1.5;0.7;2
1000;4410;4.41;322;4.41;11;8.82;322;0.7388723722091388;976;0.1938335710289726;3.397814079210248;24600.0;126913.0;2.098132625187718;4.0;0.03384843733359533;2.5968513352855456;0.009408263417716512;-1.4111017654459155;0.15821460953242916;-1.4760893231399204;0.016703343395016335;12;1.5;0.7;2
1000;4284;4.284;209;4.284;11;8.568;209;0.755269459338167;981;0.2021785605212257;3.6571270004641683;23832.0;117876.0;2.309102242219968;7.0;0.021904439806620046;3.5273967047007195;0.00041966747348885867;-0.34652810422613145;0.7289458669094869;-0.9473354817539142;0.3862794943835286;13;1.5;0.7;2
1000;3860;3.86;141;3.86;13;7.72;141;0.7176479937870783;977;0.29650111506238325;4.817951782264631;19677.0;66364.0;2.2909036242706096;6.0;0.03470535611306336;2.666565735276244;0.007663061870212756;-1.048608144692561;0.29435850573685907;-1.585138203147109;0.051372981799523876;14;1.5;0.7;2
1000;4172;4.172;133;4.172;12;8.344;133;0.7423919559863207;974;0.2558433142652842;4.340996340066607;22899.0;89504.0;2.527830789924576;14.0;0.046749283641812245;1.9166317787006737;0.055284727811617765;-0.5144460413528888;0.606940176418972;-0.9381060522672761;0.2879387697855347;15;1.5;0.7;2
1000;5255;5.255;926;5.255;14;10.51;926;0.8141576647555878;992;0.05864986886229889;2.085703703703704;35958.0;613096.0;2.2580769246965313;5.0;0.02973718645332679;2.868428568395509;0.004125163359246755;-1.008444783476816;0.31324098289486335;-0.06539526189908303;0.8937751220404367;16;1.5;0.7;2
1000;5701;5.701;907;5.701;13;11.402;907;0.8123368884309943;998;0.07013602671662458;2.1183803803803802;43053.0;613850.0;2.213291550889209;7.0;0.020131052406471506;2.6686670881102295;0.007615289008310388;-0.01979916791180467;0.9842035816643951;-0.295404330542719;0.8283317111602515;17;1.5;0.7;2
1000;4358;4.358;325;4.358;12;8.716;325;0.7452479115539143;969;0.1901840942562592;3.4695804254112783;25827.0;135800.0;2.171748527071551;6.0;0.04496157346907259;2.0647028868284383;0.0389511212775764;-1.075473183629227;0.2821629319547442;-1.168533761143784;0.0649441324286828;18;1.5;0.7;2
1000;5345;5.345;980;5.345;12;10.69;980;0.7984786813602924;997;0.06378750070070954;2.0296856856856857;37551.0;588689.0;2.2898945342438806;9.0;0.04141221020761479;1.8158300859101242;0.0693964406357247;-0.12835551612267224;0.8978676328806381;-0.20031321662394255;0.8490478349640892;19;1.5;0.7;2
1000;4176;4.176;158;4.176;11;8.352;158;0.7265300602560324;975;0.266361963554342;4.3233782481182965;22437.0;84235.0;2.3814056304024716;8.0;0.036647661208515925;2.140138195677214;0.032343600097096456;-0.8581781604087035;0.39079409355972883;-1.2164909768790024;0.11784385800474062;20;1.5;0.7;2
1000;4479;4.479;484;4.479;12;8.958;484;0.7713749958844488;992;0.09757416476015807;2.61544510442306;25803.0;264445.0;2.203730445826568;4.0;0.01865921871104259;2.8761175335071796;0.004025997703281592;-0.32424227636324277;0.7457546175589562;-0.4659618461219428;0.5930768805677491;21;1.5;0.7;2
1000;3812;3.812;176;3.812;10;7.624;176;0.7222269535949039;956;0.23603772153818928;4.299122061623185;18672.0;79106.0;2.6035011352271233;12.0;0.04478925620860197;2.2348433598069666;0.025427634115800117;-0.1805729313046386;0.8567028042652771;-0.5166770442828058;0.6257179498985475;22;1.5;0.7;2
1000;6741;6.741;995;6.741;15;13.482;995;0.8442794534009629;1000;0.06863197230787509;1.9922062062062063;63546.0;925895.0;1.9996958463426715;4.0;0.024496826781626513;3.5809631789481813;0.00034232990052956573;-0.3776133744463588;0.7057178277297702;-0.8493744387312939;0.4186419055357473;23;1.5;0.7;2
1000;4471;4.471;269;4.471;13;8.942;269;0.7570156166609416;987;0.18105660537422325;3.2854366311786767;25611.0;141453.0;2.1834119468306277;5.0;0.025264447841928495;3.328907382093097;0.0008718739275801118;-0.7730120358268322;0.4395152576522111;-1.1934672095062973;0.18173687002866956;24;1.5;0.7;2
1000;4900;4.9;347;4.9;12;9.8;347;0.77092986628003;989;0.13352209500729495;2.762133214100852;32397.0;242634.0;2.2108769219781053;7.0;0.04820576310703853;4.1984657975212025;2.6872943118612255e-05;0.04909831386058415;0.9608409471329759;-0.7409546254685457;0.6394283012832456;25;1.5;0.7;2
1000;4307;4.307;361;4.307;11;8.614;361;0.7562211965605917;982;0.1623389533958963;3.641755607768198;24495.0;150888.0;2.1561857427618505;4.0;0.042176845205396996;3.1037743162935847;0.0019106901724670576;-0.7899373433889209;0.4295643611673874;-1.0398481265895538;0.18819384687699792;26;1.5;0.7;2
1000;4326;4.326;214;4.326;14;8.652;214;0.7270063246732481;963;0.2627814882676281;4.68488300301246;26676.0;101514.0;2.1752456666937294;7.0;0.05131836749335228;1.6126126743602813;0.10682868315395344;-1.5868494546729761;0.11254674498084297;-1.7714236064235478;0.009760649118485287;27;1.5;0.7;2
1000;4455;4.455;615;4.455;11;8.91;615;0.7523709894566929;992;0.10038622004083009;2.828044044044044;25914.0;258143.0;2.2525559389934102;5.0;0.04207539497621837;1.7925846090994466;0.07303936920578905;-0.6493833422954342;0.5160906282152129;-0.44253785776272114;0.4087070103711893;28;1.5;0.7;2
1000;5001;5.001;594;5.001;13;10.002;594;0.7856072107243657;992;0.10637100947984608;2.654354630155527;33090.0;311081.0;1.9871070360950491;3.0;0.02487208181887135;3.1755286131848894;0.0014956377075245092;-1.1241212595353718;0.26096158750954945;-1.208250192535397;0.07945350344682967;29;1.5;0.7;2
1000;4035;4.035;162;4.035;12;8.07;162;0.7322582034398131;972;0.28937452901281085;4.791151808011695;22272.0;76966.0;2.0786959533783493;4.0;0.043553205255629;2.342937412764098;0.019132592286901017;-2.106829252111961;0.03513238290193637;-2.422669462339938;0.00043573648555739197;30;1.5;0.7;2
1000;4878;4.878;602;4.878;12;9.756;602;0.7791657489519459;981;0.1016435535165007;2.652613257362387;31194.0;306896.0;2.1304663064712597;5.0;0.028693678725245253;2.776169434327514;0.005500353603314725;-0.42180943053091857;0.6731641216982265;-0.7216909101310954;0.38810344711968636;31;1.5;0.7;2
1000;4220;4.22;204;4.22;12;8.44;204;0.7303377816905972;992;0.2271617745774089;4.009021045093189;22335.0;98322.0;2.431238073489157;10.0;0.05465911115432809;2.528586569939832;0.011452283962774507;-0.33696039276029816;0.7361467578024934;-0.825105034650556;0.3559707222394598;32;1.5;0.7;2
1000;6068;6.068;999;6.068;16;12.136;999;0.8064984715026671;997;0.06818616629375696;1.9878518518518518;50253.0;736997.0;2.0988598479968;5.0;0.03259145002843533;2.7243542334510606;0.006442736330961799;-0.4597758309146202;0.6456771330122609;-0.561872923054974;0.5351022831926053;33;1.5;0.7;2
1000;6917;6.917;999;6.917;14;13.834;999;0.844819728340477;1000;0.0601776400817621;1.9861521521521521;65652.0;1090970.0;2.1222342757585384;6.0;0.033220309235027945;4.258191434626302;2.060874341478389e-05;-1.0067411807587936;0.31405916699608505;-0.11660234482587555;0.9041107888900435;34;1.5;0.7;2
1000;4809;4.809;879;4.809;14;9.618;879;0.7917938411553507;986;0.06544315111332209;2.2165009083475327;31704.0;484451.0;2.1899707389562795;5.0;0.023657785992972136;2.238242190275871;0.025205265718653662;-0.1872154938681893;0.8514916772628627;-0.3194930473727015;0.7199224647360006;35;1.5;0.7;2
1000;4628;4.628;446;4.628;11;9.256;446;0.7511314546319611;979;0.14746778115018513;2.9689334395091596;27840.0;188787.0;2.380307592392867;9.0;0.027256781933664875;1.9485815501922754;0.05134541721477299;-0.3237103119864514;0.746157363056773;-0.4457473243479874;0.5707759264868972;36;1.5;0.7;2
1000;4641;4.641;290;4.641;13;9.282;290;0.7530849072477406;969;0.2000474280181017;3.4880406046295738;30369.0;151809.0;2.0756224501024487;4.0;0.02661983091470055;4.155031764420913;3.252423549269999e-05;-0.887620487853447;0.3747449292241706;-1.6021435803601471;0.08255714154361615;37;1.5;0.7;2
1000;4175;4.175;215;4.175;10;8.35;215;0.7412664308888848;982;0.2298175193441507;4.367199993554962;22959.0;99901.0;2.2002965698636774;5.0;0.023539718247239216;3.3978538240214884;0.0006791669899976353;-0.8856560251662817;0.3758029116052939;-1.4284367472162163;0.1035606133007636;38;1.5;0.7;2
1000;4005;4.005;169;4.005;11;8.01;169;0.7268603367454064;973;0.25927746979214045;4.441147340054557;21093.0;81353.0;2.2838557451478363;7.0;0.0371042472488303;2.379619777334976;0.017330509745812725;-1.1027696058206606;0.27012723044207554;-1.48522204567783;0.06750235729770471;39;1.5;0.7;2
1000;4385;4.385;368;4.385;11;8.77;368;0.7330249718666647;958;0.17846539152915514;3.48322616989452;26508.0;148533.0;2.341139055371662;7.0;0.03159336192619133;2.5743060902123887;0.0100441370598762;-0.20311508890937074;0.8390450783027121;-0.5636001758206275;0.531056134824264;40;1.5;0.7;2
1000;3602;3.602;278;3.602;11;7.204;278;0.7238023712293157;956;0.19203961848862802;4.176165390342698;16752.0;87232.0;2.5415859314390548;8.0;0.03449903549770705;1.9350501072400987;0.05298414715200148;-0.18750509741997196;0.8512646274056482;-0.28964360403649697;0.7582165979641976;41;1.5;0.7;2
1000;4230;4.23;272;4.23;12;8.46;272;0.7284219823593278;973;0.21978321566562944;4.083841743930922;23379.0;106373.0;1.9908424817971533;3.0;0.05862176787246304;2.18959075846638;0.028553929850231363;-2.5590198328113845;0.01049677527553742;-2.1155679309832993;6.696056750310486e-05;42;1.5;0.7;2
1000;4450;4.45;133;4.45;12;8.9;133;0.7328263402704565;985;0.28061394728061395;4.033564549068894;25230.0;89910.0;2.2583016069125215;7.0;0.04310366283661332;2.406773611550908;0.01609414313799212;-1.337318599329109;0.18111866236039598;-1.9237648232068298;0.016241593223160655;43;1.5;0.7;2
1000;4261;4.261;389;4.261;12;8.522;389;0.7355628007196541;970;0.16246783911953597;3.4477400136280587;24564.0;151193.0;2.2893525875369667;6.0;0.04581338030065041;2.01451817297424;0.04395515884469338;-0.6907464227123893;0.4897249103882233;-0.662261210176632;0.29702126819440944;44;1.5;0.7;2
1000;5358;5.358;775;5.358;13;10.716;775;0.7935331780027225;992;0.08238727470976846;2.364956956956957;38535.0;467730.0;2.04578484658903;4.0;0.027206466487962766;2.919683466154936;0.0035038707986052497;-0.634164479935543;0.5259734857919409;-0.813467587794822;0.3080636237076737;45;1.5;0.7;2
1000;3708;3.708;265;3.708;11;7.416;265;0.7140487398789643;969;0.19833030196906878;4.00408909932207;17556.0;88519.0;2.1570466798994747;4.0;0.03244486859760681;2.264947016332139;0.023515931091901917;-1.3170180162759773;0.18783258562688365;-1.274584367214819;0.03508567169944832;46;1.5;0.7;2
1000;3286;3.286;59;3.286;11;6.572;59;0.6910606740202844;950;0.3643743657794083;7.108618324741295;14004.0;38433.0;2.4078768401472743;6.0;0.044132875898518;1.1379918908897406;0.2551238684372171;-1.7725810304799525;0.07629815733370768;-2.276088129621444;0.0046551441257824955;47;1.5;0.7;2
1000;4234;4.234;347;4.234;12;8.468;347;0.7374576956497529;976;0.18291394985765452;3.6902689833341777;23901.0;130668.0;2.4453291785464772;10.0;0.04034900956792048;1.897690815077925;0.057736823217816174;-0.19636404363625642;0.844325237377678;-0.42186935511355733;0.6176696323343271;48;1.5;0.7;2
1000;5709;5.709;999;5.709;15;11.418;999;0.8065563037601976;995;0.06593852855465447;1.9885705705705705;43353.0;657476.0;2.118102878763203;6.0;0.018780044963697284;2.373629650487382;0.017614207932171232;-0.2843608564079836;0.7761338533560456;-0.5021531044825259;0.5552877587774465;49;1.5;0.7;2
1000;7283;7.283;999;7.283;14;14.566;999;0.8215908927321607;1000;0.0589192198841783;1.9854194194194195;68889.0;1169211.0;2.211646680998289;12.0;0.03808419914027045;2.509436502642239;0.01209239539392576;-0.03303522188368684;0.9736464999595953;-0.30470614706936233;0.8455643468464255;0;1.5;0.9;2
1000;7481;7.481;918;7.481;17;14.962;918;0.7913685321715014;1000;0.10359542825082564;2.1005665665665667;73119.0;705813.0;1.9878064682440402;6.0;0.031540093029321675;2.8107089669230225;0.004943247722355247;-1.0829225822551916;0.27884278747288294;-1.2020803569030551;0.0733227408618844;1;1.5;0.9;2
1000;6757;6.757;916;6.757;15;13.514;916;0.8096094264410745;998;0.06962480904231194;2.057821821821822;61710.0;886322.0;2.1838330655238156;10.0;0.03295323334070499;3.0617878786154997;0.0022001930981407586;0.18566206049325484;0.8527097823004716;-0.3830659507141005;0.8320840663090735;2;1.5;0.9;2
1000;7568;7.568;999;7.568;16;15.136;999;0.7972497721994838;1000;0.0911726776765058;1.984848848848849;75153.0;824293.0;1.870810047026521;4.0;0.043985091801641674;2.8459581972968966;0.004427800706248831;-1.72353881984433;0.08479113136728347;-1.5271866472484652;0.00807553897592972;3;1.5;0.9;2
1000;6895;6.895;560;6.895;16;13.79;560;0.7804987094443931;999;0.10814634708699708;2.3804384384384383;61914.0;572502.0;2.205016940198598;12.0;0.04157869074528614;3.6020521495633773;0.000315715007596328;-0.021478673146569;0.9828638159022969;-0.6335899199872229;0.6488729022818979;4;1.5;0.9;2
1000;5833;5.833;826;5.833;16;11.666;826;0.7563341536159862;998;0.0947936108241824;2.3430143275229947;42765.0;451138.0;2.5996445487941076;19.0;0.03988853037608353;1.3902065111877147;0.16446617683746545;-0.016010080433785535;0.9872263497030382;-0.003322747694828545;0.9945916165392625;5;1.5;0.9;2
1000;7199;7.199;406;7.199;15;14.398;406;0.7773279250596239;996;0.1518607388005367;2.6294690786977615;66327.0;436762.0;1.9832414290342215;6.0;0.027549590006093694;4.746065446895138;2.0741162599847884e-06;-0.9400733670091687;0.3471799289113159;-1.7855671675544513;0.06660988553522051;6;1.5;0.9;2
1000;6689;6.689;423;6.689;16;13.378;423;0.7667308353787026;1000;0.1414210762137396;2.6156496496496495;58707.0;415122.0;2.022705863361775;6.0;0.036911973649078056;3.916939406962023;8.96802781348148e-05;-0.8548716177386843;0.39262222471085384;-1.481976195139515;0.10461839302865339;7;1.5;0.9;2
1000;5235;5.235;182;5.235;13;10.47;182;0.7472592560359848;992;0.22605186429550678;4.023324995065518;35121.0;155367.0;2.0896918016680517;5.0;0.04547839640968887;4.1681637583731925;3.0706330463209884e-05;-1.2366216684147007;0.2162275716216;-2.0195607942009306;0.025782522221440618;8;1.5;0.9;2
1000;4704;4.704;191;4.704;13;9.408;191;0.7361012708013948;994;0.22495963203992758;4.0382862862862865;27585.0;122622.0;2.1828595583517227;6.0;0.047422546528774534;3.148042835013477;0.0016436760531869268;-0.9816987387306778;0.3262482869665574;-1.5375078866384702;0.062099029477440726;9;1.5;0.9;2
1000;8494;8.494;999;8.494;17;16.988;999;0.822257792130348;1000;0.08657954409288278;1.982994994994995;94653.0;1093249.0;1.905384366906035;4.0;0.027578092444878854;4.891931481689544;9.985120833423198e-07;-0.6483321691181321;0.5167701318333403;-1.4907575140778735;0.18061286966975443;10;1.5;0.9;2
1000;6836;6.836;999;6.836;15;13.672;999;0.7928335832704689;999;0.08313247191071553;1.9863143143143143;61944.0;745124.0;2.024662994913613;5.0;0.04163838906606354;2.6299151576132385;0.008540617976144206;-0.843785259254944;0.3987894141223789;-0.8772351366025872;0.17575886664200824;11;1.5;0.9;2
1000;7299;7.299;913;7.299;14;14.598;913;0.7918676348186731;1000;0.09978105199579528;2.107119119119119;68724.0;688748.0;1.9165517870035607;4.0;0.03767491858207894;3.299769658651025;0.0009676421441453188;-1.2793450819441268;0.20077556377656014;-1.4404503380315956;0.03037359860092348;12;1.5;0.9;2
1000;7267;7.267;521;7.267;14;14.534;521;0.7935945440488797;1000;0.1118277181573055;2.370198198198198;68472.0;612299.0;2.0809552807229323;8.0;0.03034498321058332;4.572311440888179;4.823732475952068e-06;-0.17601963276297655;0.8602785185402708;-1.0080011867690089;0.4337506639683022;13;1.5;0.9;2
1000;5964;5.964;380;5.964;17;11.928;380;0.7518510680370616;995;0.1808943408673253;3.2511797369231976;46068.0;254668.0;1.9831564965666757;4.0;0.03199948429281951;4.565857830827143;4.974558372276822e-06;-1.2453274545487043;0.21301140776955174;-1.9911577011247932;0.025914105409478916;14;1.5;0.9;2
1000;6719;6.719;348;6.719;17;13.438;348;0.7617286902254307;999;0.1545996524954968;2.850082082082082;58191.0;376398.0;2.1935603130956456;16.0;0.039076106905822805;2.8546576394716814;0.00430832444722874;-0.5648208908640518;0.5721955960596241;-1.111444849644478;0.23502649528575992;15;1.5;0.9;2
1000;8416;8.416;999;8.416;19;16.832;999;0.847449916896799;1000;0.06342772877577858;1.9831511511511513;94584.0;1491209.0;2.0212639071906287;5.0;0.03597553128488162;4.4525668341117015;8.48498172302469e-06;0.18532774077593023;0.852971980901655;-0.7505948235648509;0.6589928804643619;16;1.5;0.9;2
1000;9220;9.22;999;9.22;17;18.44;999;0.8357371026952309;1000;0.0754240967427676;1.9815415415415416;113964.0;1510976.0;1.879450630600833;4.0;0.03557576756752584;4.3451083925847795;1.3920690738022864e-05;-0.9333620082137318;0.35063308920093383;-1.451399701875226;0.13177865597413307;17;1.5;0.9;2
1000;7034;7.034;880;7.034;16;14.068;880;0.792470690997055;997;0.10153943388560335;2.168124124124124;67476.0;664530.0;1.9021156256128204;4.0;0.03150757808485072;3.1451685629059556;0.0016599115943835574;-1.346070322038738;0.1782798387346859;-1.4602837258117307;0.02399305965660925;18;1.5;0.9;2
1000;8145;8.145;999;8.145;17;16.29;999;0.8062645741831906;1000;0.09165067922107306;1.9836936936936937;88713.0;967947.0;2.0625335026113687;11.0;0.03255009246750468;2.9495533129353726;0.0031823366252813033;-0.4408317873033829;0.6593347792247157;-0.8789094955250817;0.34700630981947145;19;1.5;0.9;2
1000;6447;6.447;393;6.447;15;12.894;393;0.7572191005579118;998;0.16984373566364094;2.9754154154154153;53682.0;316067.0;2.267122368177421;14.0;0.04032212387001388;2.616838474898108;0.008874832667273626;-0.421550794813902;0.6733529280998423;-0.8883058496165432;0.3231479334117635;20;1.5;0.9;2
1000;7604;7.604;999;7.604;20;15.208;999;0.8350109550439065;1000;0.05742838214748245;1.9847767767767768;78798.0;1372109.0;2.029200860532245;4.0;0.017484177313313864;3.707520629834623;0.00020929837117485538;-0.2212338200196138;0.8249103770434679;-0.5751004413561809;0.6152684223023798;21;1.5;0.9;2
1000;6095;6.095;450;6.095;14;12.19;450;0.7694003904072068;999;0.12447641499505357;2.6465245245245246;47310.0;380072.0;2.220822360896087;10.0;0.030804099256461992;2.99175986136943;0.0027737435629598263;-0.3206052866549093;0.748509530777105;-0.7327904477984059;0.49045216211675347;22;1.5;0.9;2
1000;11266;11.266;999;11.266;23;22.532;999;0.8677913755714853;1000;0.07441921283180054;1.9774454454454455;179277.0;2409015.0;1.847564850917664;4.0;0.021680263937497668;5.63911888032752;1.7092250793222376e-08;-0.4651550953104437;0.6418203933376816;-1.5996235937123306;0.21416776620918654;23;1.5;0.9;2
1000;7603;7.603;850;7.603;16;15.206;850;0.8071461786416911;1000;0.09070547488719176;2.1322262262262264;74718.0;823743.0;2.0052344161471036;6.0;0.02185462628955992;3.843174089900445;0.00012145325095587474;-0.5546264119938298;0.5791502194693849;-1.1045806207846334;0.2851761811604039;24;1.5;0.9;2
1000;9119;9.119;942;9.119;17;18.238;942;0.838965831465988;1000;0.06839332324966223;1.9822262262262262;109290.0;1597963.0;1.7500907604492002;2.0;0.04292223635774972;5.112533919560444;3.1786588733667885e-07;-1.72205652228992;0.08505928001555339;-2.167908801747401;0.016152856866264442;25;1.5;0.9;2
1000;7209;7.209;983;7.209;14;14.418;983;0.8120262061799571;1000;0.0799680428770009;2.0152532532532534;66963.0;837372.0;1.960609292552971;4.0;0.037936193110973515;3.787222224521225;0.0001523408426187625;-0.7135897311713547;0.47548090920184005;-1.1433065753447906;0.21252172016734294;26;1.5;0.9;2
1000;6881;6.881;606;6.881;16;13.762;606;0.7688405831825497;995;0.14677813191057784;2.6834614614614614;64980.0;442709.0;2.0050673710173235;9.0;0.0431761977733911;2.3879664398180758;0.01694188878199349;-1.1944575116371132;0.23229905144687013;-1.4822077741441146;0.03598286285400354;27;1.5;0.9;2
1000;6699;6.699;999;6.699;15;13.398;999;0.7906919105091219;1000;0.07921221135286173;1.9865885885885886;57945.0;731516.0;2.0245955282682058;5.0;0.03619248613501436;2.4357423568924226;0.01486126541952712;-0.9599525123349584;0.3370791154828129;-0.8622938473357817;0.14778764261399546;28;1.5;0.9;2
1000;8672;8.672;999;8.672;18;17.344;999;0.8363386365995492;1000;0.07865213417571032;1.9826386386386385;100428.0;1276863.0;1.9376530916098655;6.0;0.0272017988943683;4.1997039242489675;2.6726422967806346e-05;-0.366416206139923;0.7140545286147695;-1.155834450178437;0.2758205021104019;29;1.5;0.9;2
1000;6326;6.326;467;6.326;17;12.652;467;0.7558142916124515;995;0.1712217424434849;2.990056534953183;53928.0;314960.0;1.9555893959886976;5.0;0.044178601796815764;3.0822554501644097;0.002054384557246706;-1.6627129744417322;0.0963699038268872;-1.9417167537239;0.005518691286842681;30;1.5;0.9;2
1000;8238;8.238;999;8.238;16;16.476;999;0.8241147926878473;1000;0.07869443225724274;1.9835075075075075;88965.0;1130512.0;1.912002269961713;4.0;0.02104689022146433;4.397558064184205;1.0947560297611164e-05;-0.6256813700564787;0.5315239552241913;-1.3363842915318955;0.18804040741611083;31;1.5;0.9;2
1000;6944;6.944;511;6.944;16;13.888;511;0.7612761646631353;1000;0.1432927601653635;2.677843843843844;62217.0;434195.0;2.0571568583044115;8.0;0.032387896381074976;3.571543453462794;0.00035488365232942123;-0.7645227692388429;0.4445557732137544;-1.3561333246906213;0.13286306362109224;32;1.5;0.9;2
1000;10087;10.087;999;10.087;18;20.174;999;0.8441982180291584;1000;0.07086410057398096;1.979805805805806;138597.0;1955814.0;2.0069298932399597;10.0;0.023225218272461934;4.198884062893986;2.682336029096593e-05;-0.07852568597008655;0.9374098988545813;-0.8481263143334382;0.5342543642850657;33;1.5;0.9;2
1000;11444;11.444;999;11.444;21;22.888;999;0.8816269285539451;1000;0.06418569194392804;1.977089089089089;181362.0;2825583.0;1.9286790701957506;6.0;0.03280718981711672;6.067576927971364;1.298544248124296e-09;0.18204158741840504;0.8555500890991168;-1.1375981268196282;0.5836436418395028;34;1.5;0.9;2
1000;7308;7.308;999;7.308;17;14.616;999;0.8194066113255573;1000;0.07659952182875573;1.9853693693693695;70677.0;922682.0;2.0004796075740816;5.0;0.026654962085152112;3.7823441018549047;0.00015535839426014032;-0.3404347443334251;0.7335291573388172;-0.948348613735449;0.3838147850092727;35;1.5;0.9;2
1000;7649;7.649;996;7.649;17;15.298;996;0.8017809643143625;1000;0.08670685002559901;1.9875415415415416;77565.0;894566.0;2.1900820850904275;14.0;0.03400363780614213;2.6656109290900045;0.007684857375202633;-0.10909897673303265;0.9131239864947761;-0.5182550809358962;0.6450361358259327;36;1.5;0.9;2
1000;7983;7.983;873;7.983;18;15.966;873;0.8135131883436653;1000;0.10669865795578554;2.140052052052052;88584.0;830226.0;1.910366709720904;4.0;0.02689217010309841;4.829470603545125;1.3689652184303639e-06;-0.6734977129355278;0.5006307032820667;-1.54471145433772;0.12697371115900924;37;1.5;0.9;2
1000;6824;6.824;617;6.824;16;13.648;617;0.779175900272545;1000;0.12576538849958144;2.660236236236236;61146.0;486191.0;2.0193610496770282;9.0;0.035343138176747946;3.374977491308182;0.0007382172845062155;-0.51302226625945;0.6079357453206906;-1.1889864934300152;0.1798040368333873;38;1.5;0.9;2
1000;6486;6.486;455;6.486;14;12.972;455;0.7599145854515654;1000;0.15007589278267977;2.756740740740741;53985.0;359718.0;1.969876961031686;5.0;0.03520264661086486;3.9142803613410866;9.067423152505905e-05;-1.2660547895180385;0.20549346724868478;-1.8137558507275087;0.031949955618895354;39;1.5;0.9;2
1000;7301;7.301;974;7.301;17;14.602;974;0.7976778997303811;999;0.09015307800589023;2.015267267267267;71538.0;793517.0;2.0798156495780984;7.0;0.03176415334200017;3.2323169127212337;0.0012279079387583932;-0.2545355437271427;0.799081848147388;-0.7677159935178387;0.4349736260099113;40;1.5;0.9;2
1000;5861;5.861;868;5.861;15;11.722;868;0.7848136768344688;1000;0.07823266765097181;2.165341341341341;43926.0;561479.0;2.203599068155613;7.0;0.031928420742266206;2.420987014533372;0.0154784301883653;-0.28243858653474807;0.7776072310531091;-0.4226475536515661;0.6608211816034091;41;1.5;0.9;2
1000;6799;6.799;809;6.799;14;13.598;809;0.7745850538209036;998;0.10408727671712323;2.3203905308113724;59955.0;576007.0;1.9777815156052283;5.0;0.04865803457962398;2.5815192770216915;0.00983664976349543;-1.3306882196037793;0.1832916208612091;-1.2370941799440027;0.037398864216771965;42;1.5;0.9;2
1000;7092;7.092;358;7.092;15;14.184;358;0.7683843693018162;1000;0.18322617344388326;2.8394954954954956;63777.0;348078.0;2.0772536538788122;10.0;0.04273867655107377;3.151354927041135;0.0016251487312237967;-1.0905966689507458;0.2754503959428468;-1.700461801181793;0.041813481829847676;43;1.5;0.9;2
1000;6960;6.96;982;6.96;16;13.92;982;0.7926428577389419;999;0.08300925373210154;2.0134854854854853;65358.0;787358.0;2.060866824628164;7.0;0.04240965154769094;2.4335490775816555;0.01495160835793281;-0.7823940303324525;0.43398304104444174;-0.8011018634869307;0.26394300090327916;44;1.5;0.9;2
1000;9387;9.387;999;9.387;18;18.774;999;0.8406556358064929;1000;0.0724907234340328;1.981207207207207;118095.0;1629105.0;1.9648481844118835;7.0;0.02640872966097252;4.701662112403188;2.5805226794459666e-06;-0.13312638998223897;0.8940934247122858;-1.0151639363201352;0.45845197793113623;45;1.5;0.9;2
1000;5995;5.995;871;5.995;13;11.99;871;0.7803938624191924;999;0.08493459370342907;2.2045585585585585;47190.0;555604.0;1.976555500885004;4.0;0.03752188180238203;2.6203510033694326;0.008783930497232615;-1.1659369663937802;0.24363993163298692;-1.044737824000674;0.08127815331697907;46;1.5;0.9;2
1000;4781;4.781;129;4.781;18;9.562;130;0.7095760691643491;988;0.27712992179997253;4.797175933448479;30300.0;109335.0;2.3290125721292436;9.0;0.04230039682486608;3.210916491882949;0.0013231237854661507;-0.7452123822594918;0.45614333857777867;-1.4271298664652705;0.11608553848600534;47;1.5;0.9;2
1000;6740;6.74;923;6.74;15;13.48;923;0.7883127900091274;1000;0.09015431982878384;2.105187187187187;60027.0;665825.0;2.121561512496526;7.0;0.029755904759178275;2.6650985834076493;0.0076965756583450146;-0.40445296835214717;0.6858796562715735;-0.6680531958564352;0.41868433771558067;48;1.5;0.9;2
1000;9177;9.177;999;9.177;19;18.354;999;0.8340024205877378;1000;0.08140839046700503;1.9816276276276277;111924.0;1374846.0;1.917512559304494;5.0;0.021052568416480566;4.665649523531762;3.076436866080861e-06;-0.484014461136419;0.6283756061545838;-1.3228818142227603;0.2343731496836392;49;1.5;0.9;2
